[0.000000] (-) TimerEvent: {}
[0.000216] (communication) JobQueued: {'identifier': 'communication', 'dependencies': OrderedDict()}
[0.000512] (mujoco_msgs) JobQueued: {'identifier': 'mujoco_msgs', 'dependencies': OrderedDict()}
[0.000534] (aerial_system_mujoco) JobQueued: {'identifier': 'aerial_system_mujoco', 'dependencies': OrderedDict([('mujoco_msgs', '/workspaces/ros_humble_mujoco_leo/leo/install/mujoco_msgs')])}
[0.000553] (mujoco_msgs) JobStarted: {'identifier': 'mujoco_msgs'}
[0.010196] (communication) JobStarted: {'identifier': 'communication'}
[0.016189] (mujoco_msgs) JobProgress: {'identifier': 'mujoco_msgs', 'progress': 'cmake'}
[0.016629] (mujoco_msgs) Command: {'cmd': ['/usr/bin/cmake', '/workspaces/ros_humble_mujoco_leo/leo/ros2_ws/src/mujoco_msgs', '-DAMENT_CMAKE_SYMLINK_INSTALL=1', '-DCMAKE_INSTALL_PREFIX=/workspaces/ros_humble_mujoco_leo/leo/install/mujoco_msgs'], 'cwd': '/workspaces/ros_humble_mujoco_leo/leo/build/mujoco_msgs', 'env': OrderedDict([('PYTHON_BASIC_REPL', '1'), ('HOSTNAME', '90a2fc37cb61'), ('GIT_ASKPASS', '/vscode/vscode-server/bin/linux-x64/b6a47e94e326b5c209d118cf0f994d6065585705/extensions/git/dist/askpass.sh'), ('SHLVL', '2'), ('LD_LIBRARY_PATH', '/usr/lib/x86_64-linux-gnu/gazebo-11/plugins:/opt/ros/humble/opt/rviz_ogre_vendor/lib:/opt/ros/humble/lib/x86_64-linux-gnu:/opt/ros/humble/lib'), ('BROWSER', '/vscode/vscode-server/bin/linux-x64/b6a47e94e326b5c209d118cf0f994d6065585705/bin/helpers/browser.sh'), ('HOME', '/home/devuser'), ('OLDPWD', '/workspaces/ros_humble_mujoco_leo'), ('TERM_PROGRAM_VERSION', '1.109.3'), ('VSCODE_IPC_HOOK_CLI', '/run/user/1000/vscode-ipc-b40a9768-fd22-46bd-aca4-33e71f6db7ef.sock'), ('ROS_PYTHON_VERSION', '3'), ('VSCODE_GIT_ASKPASS_MAIN', '/vscode/vscode-server/bin/linux-x64/b6a47e94e326b5c209d118cf0f994d6065585705/extensions/git/dist/askpass-main.js'), ('VSCODE_GIT_ASKPASS_NODE', '/vscode/vscode-server/bin/linux-x64/b6a47e94e326b5c209d118cf0f994d6065585705/node'), ('PYDEVD_DISABLE_FILE_VALIDATION', '1'), ('BUNDLED_DEBUGPY_PATH', '/home/devuser/.vscode-server/extensions/ms-python.debugpy-2025.18.0-linux-x64/bundled/libs/debugpy'), ('VSCODE_PYTHON_AUTOACTIVATE_GUARD', '1'), ('COLORTERM', 'truecolor'), ('REMOTE_CONTAINERS', 'true'), ('ROS_DISTRO', 'humble'), ('REMOTE_CONTAINERS_IPC', '/tmp/vscode-remote-containers-ipc-ae47200a-172c-4fdc-b85b-553534a262ca.sock'), ('_', '/usr/bin/colcon'), ('ROS_VERSION', '2'), ('NVIDIA_DRIVER_CAPABILITIES', 'all'), ('TERM', 'xterm-256color'), ('ROS_LOCALHOST_ONLY', '0'), ('PATH', '/opt/ros/humble/bin:/home/devuser/.vscode-server/data/User/globalStorage/github.copilot-chat/debugCommand:/home/devuser/.vscode-server/data/User/globalStorage/github.copilot-chat/copilotCli:/vscode/vscode-server/bin/linux-x64/b6a47e94e326b5c209d118cf0f994d6065585705/bin/remote-cli:/usr/local/sbin:/usr/local/bin:/usr/sbin:/usr/bin:/sbin:/bin:/home/devuser/.vscode-server/extensions/ms-python.debugpy-2025.18.0-linux-x64/bundled/scripts/noConfigScripts'), ('XDG_RUNTIME_DIR', '/run/user/1000'), ('REMOTE_CONTAINERS_SOCKETS', '["/tmp/vscode-ssh-auth-ae47200a-172c-4fdc-b85b-553534a262ca.sock","/run/user/1001/gnupg/S.gpg-agent"]'), ('DISPLAY', ':0'), ('VSCODE_DEBUGPY_ADAPTER_ENDPOINTS', '/home/devuser/.vscode-server/extensions/ms-python.debugpy-2025.18.0-linux-x64/.noConfigDebugAdapterEndpoints/endpoint-567088a392697e08.txt'), ('LANG', 'C.UTF-8'), ('PYTHONSTARTUP', '/home/devuser/.vscode-server/data/User/workspaceStorage/1f879e3b6f621ee12491734ba3f165a7/ms-python.python/pythonrc.py'), ('XAUTHORITY', '/root/.Xauthority'), ('LS_COLORS', 'rs=0:di=01;34:ln=01;36:mh=00:pi=40;33:so=01;35:do=01;35:bd=40;33;01:cd=40;33;01:or=40;31;01:mi=00:su=37;41:sg=30;43:ca=30;41:tw=30;42:ow=34;42:st=37;44:ex=01;32:*.tar=01;31:*.tgz=01;31:*.arc=01;31:*.arj=01;31:*.taz=01;31:*.lha=01;31:*.lz4=01;31:*.lzh=01;31:*.lzma=01;31:*.tlz=01;31:*.txz=01;31:*.tzo=01;31:*.t7z=01;31:*.zip=01;31:*.z=01;31:*.dz=01;31:*.gz=01;31:*.lrz=01;31:*.lz=01;31:*.lzo=01;31:*.xz=01;31:*.zst=01;31:*.tzst=01;31:*.bz2=01;31:*.bz=01;31:*.tbz=01;31:*.tbz2=01;31:*.tz=01;31:*.deb=01;31:*.rpm=01;31:*.jar=01;31:*.war=01;31:*.ear=01;31:*.sar=01;31:*.rar=01;31:*.alz=01;31:*.ace=01;31:*.zoo=01;31:*.cpio=01;31:*.7z=01;31:*.rz=01;31:*.cab=01;31:*.wim=01;31:*.swm=01;31:*.dwm=01;31:*.esd=01;31:*.jpg=01;35:*.jpeg=01;35:*.mjpg=01;35:*.mjpeg=01;35:*.gif=01;35:*.bmp=01;35:*.pbm=01;35:*.pgm=01;35:*.ppm=01;35:*.tga=01;35:*.xbm=01;35:*.xpm=01;35:*.tif=01;35:*.tiff=01;35:*.png=01;35:*.svg=01;35:*.svgz=01;35:*.mng=01;35:*.pcx=01;35:*.mov=01;35:*.mpg=01;35:*.mpeg=01;35:*.m2v=01;35:*.mkv=01;35:*.webm=01;35:*.webp=01;35:*.ogm=01;35:*.mp4=01;35:*.m4v=01;35:*.mp4v=01;35:*.vob=01;35:*.qt=01;35:*.nuv=01;35:*.wmv=01;35:*.asf=01;35:*.rm=01;35:*.rmvb=01;35:*.flc=01;35:*.avi=01;35:*.fli=01;35:*.flv=01;35:*.gl=01;35:*.dl=01;35:*.xcf=01;35:*.xwd=01;35:*.yuv=01;35:*.cgm=01;35:*.emf=01;35:*.ogv=01;35:*.ogx=01;35:*.aac=00;36:*.au=00;36:*.flac=00;36:*.m4a=00;36:*.mid=00;36:*.midi=00;36:*.mka=00;36:*.mp3=00;36:*.mpc=00;36:*.ogg=00;36:*.ra=00;36:*.wav=00;36:*.oga=00;36:*.opus=00;36:*.spx=00;36:*.xspf=00;36:'), ('VSCODE_GIT_IPC_HANDLE', '/run/user/1000/vscode-git-0c002ae190.sock'), ('TERM_PROGRAM', 'vscode'), ('SSH_AUTH_SOCK', '/tmp/vscode-ssh-auth-ae47200a-172c-4fdc-b85b-553534a262ca.sock'), ('AMENT_PREFIX_PATH', '/opt/ros/humble'), ('DEBIAN_FRONTEND', 'noninteractive'), ('SHELL', '/bin/bash'), ('VSCODE_GIT_ASKPASS_EXTRA_ARGS', ''), ('PWD', '/workspaces/ros_humble_mujoco_leo/leo/build/mujoco_msgs'), ('LC_ALL', 'C.UTF-8'), ('PYTHONPATH', '/opt/ros/humble/lib/python3.10/site-packages:/opt/ros/humble/local/lib/python3.10/dist-packages'), ('NVIDIA_VISIBLE_DEVICES', 'all'), ('COLCON', '1'), ('CMAKE_PREFIX_PATH', '/opt/ros/humble')]), 'shell': False}
[0.020504] (communication) JobProgress: {'identifier': 'communication', 'progress': 'cmake'}
[0.021139] (communication) Command: {'cmd': ['/usr/bin/cmake', '/workspaces/ros_humble_mujoco_leo/leo/ros2_ws/src/communication', '-DAMENT_CMAKE_SYMLINK_INSTALL=1', '-DCMAKE_INSTALL_PREFIX=/workspaces/ros_humble_mujoco_leo/leo/install/communication'], 'cwd': '/workspaces/ros_humble_mujoco_leo/leo/build/communication', 'env': OrderedDict([('PYTHON_BASIC_REPL', '1'), ('HOSTNAME', '90a2fc37cb61'), ('GIT_ASKPASS', '/vscode/vscode-server/bin/linux-x64/b6a47e94e326b5c209d118cf0f994d6065585705/extensions/git/dist/askpass.sh'), ('SHLVL', '2'), ('LD_LIBRARY_PATH', '/usr/lib/x86_64-linux-gnu/gazebo-11/plugins:/opt/ros/humble/opt/rviz_ogre_vendor/lib:/opt/ros/humble/lib/x86_64-linux-gnu:/opt/ros/humble/lib'), ('BROWSER', '/vscode/vscode-server/bin/linux-x64/b6a47e94e326b5c209d118cf0f994d6065585705/bin/helpers/browser.sh'), ('HOME', '/home/devuser'), ('OLDPWD', '/workspaces/ros_humble_mujoco_leo'), ('TERM_PROGRAM_VERSION', '1.109.3'), ('VSCODE_IPC_HOOK_CLI', '/run/user/1000/vscode-ipc-b40a9768-fd22-46bd-aca4-33e71f6db7ef.sock'), ('ROS_PYTHON_VERSION', '3'), ('VSCODE_GIT_ASKPASS_MAIN', '/vscode/vscode-server/bin/linux-x64/b6a47e94e326b5c209d118cf0f994d6065585705/extensions/git/dist/askpass-main.js'), ('VSCODE_GIT_ASKPASS_NODE', '/vscode/vscode-server/bin/linux-x64/b6a47e94e326b5c209d118cf0f994d6065585705/node'), ('PYDEVD_DISABLE_FILE_VALIDATION', '1'), ('BUNDLED_DEBUGPY_PATH', '/home/devuser/.vscode-server/extensions/ms-python.debugpy-2025.18.0-linux-x64/bundled/libs/debugpy'), ('VSCODE_PYTHON_AUTOACTIVATE_GUARD', '1'), ('COLORTERM', 'truecolor'), ('REMOTE_CONTAINERS', 'true'), ('ROS_DISTRO', 'humble'), ('REMOTE_CONTAINERS_IPC', '/tmp/vscode-remote-containers-ipc-ae47200a-172c-4fdc-b85b-553534a262ca.sock'), ('_', '/usr/bin/colcon'), ('ROS_VERSION', '2'), ('NVIDIA_DRIVER_CAPABILITIES', 'all'), ('TERM', 'xterm-256color'), ('ROS_LOCALHOST_ONLY', '0'), ('PATH', '/opt/ros/humble/bin:/home/devuser/.vscode-server/data/User/globalStorage/github.copilot-chat/debugCommand:/home/devuser/.vscode-server/data/User/globalStorage/github.copilot-chat/copilotCli:/vscode/vscode-server/bin/linux-x64/b6a47e94e326b5c209d118cf0f994d6065585705/bin/remote-cli:/usr/local/sbin:/usr/local/bin:/usr/sbin:/usr/bin:/sbin:/bin:/home/devuser/.vscode-server/extensions/ms-python.debugpy-2025.18.0-linux-x64/bundled/scripts/noConfigScripts'), ('XDG_RUNTIME_DIR', '/run/user/1000'), ('REMOTE_CONTAINERS_SOCKETS', '["/tmp/vscode-ssh-auth-ae47200a-172c-4fdc-b85b-553534a262ca.sock","/run/user/1001/gnupg/S.gpg-agent"]'), ('DISPLAY', ':0'), ('VSCODE_DEBUGPY_ADAPTER_ENDPOINTS', '/home/devuser/.vscode-server/extensions/ms-python.debugpy-2025.18.0-linux-x64/.noConfigDebugAdapterEndpoints/endpoint-567088a392697e08.txt'), ('LANG', 'C.UTF-8'), ('PYTHONSTARTUP', '/home/devuser/.vscode-server/data/User/workspaceStorage/1f879e3b6f621ee12491734ba3f165a7/ms-python.python/pythonrc.py'), ('XAUTHORITY', '/root/.Xauthority'), ('LS_COLORS', 'rs=0:di=01;34:ln=01;36:mh=00:pi=40;33:so=01;35:do=01;35:bd=40;33;01:cd=40;33;01:or=40;31;01:mi=00:su=37;41:sg=30;43:ca=30;41:tw=30;42:ow=34;42:st=37;44:ex=01;32:*.tar=01;31:*.tgz=01;31:*.arc=01;31:*.arj=01;31:*.taz=01;31:*.lha=01;31:*.lz4=01;31:*.lzh=01;31:*.lzma=01;31:*.tlz=01;31:*.txz=01;31:*.tzo=01;31:*.t7z=01;31:*.zip=01;31:*.z=01;31:*.dz=01;31:*.gz=01;31:*.lrz=01;31:*.lz=01;31:*.lzo=01;31:*.xz=01;31:*.zst=01;31:*.tzst=01;31:*.bz2=01;31:*.bz=01;31:*.tbz=01;31:*.tbz2=01;31:*.tz=01;31:*.deb=01;31:*.rpm=01;31:*.jar=01;31:*.war=01;31:*.ear=01;31:*.sar=01;31:*.rar=01;31:*.alz=01;31:*.ace=01;31:*.zoo=01;31:*.cpio=01;31:*.7z=01;31:*.rz=01;31:*.cab=01;31:*.wim=01;31:*.swm=01;31:*.dwm=01;31:*.esd=01;31:*.jpg=01;35:*.jpeg=01;35:*.mjpg=01;35:*.mjpeg=01;35:*.gif=01;35:*.bmp=01;35:*.pbm=01;35:*.pgm=01;35:*.ppm=01;35:*.tga=01;35:*.xbm=01;35:*.xpm=01;35:*.tif=01;35:*.tiff=01;35:*.png=01;35:*.svg=01;35:*.svgz=01;35:*.mng=01;35:*.pcx=01;35:*.mov=01;35:*.mpg=01;35:*.mpeg=01;35:*.m2v=01;35:*.mkv=01;35:*.webm=01;35:*.webp=01;35:*.ogm=01;35:*.mp4=01;35:*.m4v=01;35:*.mp4v=01;35:*.vob=01;35:*.qt=01;35:*.nuv=01;35:*.wmv=01;35:*.asf=01;35:*.rm=01;35:*.rmvb=01;35:*.flc=01;35:*.avi=01;35:*.fli=01;35:*.flv=01;35:*.gl=01;35:*.dl=01;35:*.xcf=01;35:*.xwd=01;35:*.yuv=01;35:*.cgm=01;35:*.emf=01;35:*.ogv=01;35:*.ogx=01;35:*.aac=00;36:*.au=00;36:*.flac=00;36:*.m4a=00;36:*.mid=00;36:*.midi=00;36:*.mka=00;36:*.mp3=00;36:*.mpc=00;36:*.ogg=00;36:*.ra=00;36:*.wav=00;36:*.oga=00;36:*.opus=00;36:*.spx=00;36:*.xspf=00;36:'), ('VSCODE_GIT_IPC_HANDLE', '/run/user/1000/vscode-git-0c002ae190.sock'), ('TERM_PROGRAM', 'vscode'), ('SSH_AUTH_SOCK', '/tmp/vscode-ssh-auth-ae47200a-172c-4fdc-b85b-553534a262ca.sock'), ('AMENT_PREFIX_PATH', '/opt/ros/humble'), ('DEBIAN_FRONTEND', 'noninteractive'), ('SHELL', '/bin/bash'), ('VSCODE_GIT_ASKPASS_EXTRA_ARGS', ''), ('PWD', '/workspaces/ros_humble_mujoco_leo/leo/build/communication'), ('LC_ALL', 'C.UTF-8'), ('PYTHONPATH', '/opt/ros/humble/lib/python3.10/site-packages:/opt/ros/humble/local/lib/python3.10/dist-packages'), ('NVIDIA_VISIBLE_DEVICES', 'all'), ('COLCON', '1'), ('CMAKE_PREFIX_PATH', '/opt/ros/humble')]), 'shell': False}
[0.099832] (-) TimerEvent: {}
[0.154288] (communication) StdoutLine: {'line': b'-- The C compiler identification is GNU 11.4.0\n'}
[0.154488] (mujoco_msgs) StdoutLine: {'line': b'-- The C compiler identification is GNU 11.4.0\n'}
[0.199938] (-) TimerEvent: {}
[0.241742] (communication) StdoutLine: {'line': b'-- The CXX compiler identification is GNU 11.4.0\n'}
[0.241909] (mujoco_msgs) StdoutLine: {'line': b'-- The CXX compiler identification is GNU 11.4.0\n'}
[0.251591] (communication) StdoutLine: {'line': b'-- Detecting C compiler ABI info\n'}
[0.251763] (mujoco_msgs) StdoutLine: {'line': b'-- Detecting C compiler ABI info\n'}
[0.300031] (-) TimerEvent: {}
[0.315319] (communication) StdoutLine: {'line': b'-- Detecting C compiler ABI info - done\n'}
[0.315905] (mujoco_msgs) StdoutLine: {'line': b'-- Detecting C compiler ABI info - done\n'}
[0.320548] (communication) StdoutLine: {'line': b'-- Check for working C compiler: /usr/bin/cc - skipped\n'}
[0.320916] (communication) StdoutLine: {'line': b'-- Detecting C compile features\n'}
[0.321258] (mujoco_msgs) StdoutLine: {'line': b'-- Check for working C compiler: /usr/bin/cc - skipped\n'}
[0.321439] (mujoco_msgs) StdoutLine: {'line': b'-- Detecting C compile features\n'}
[0.321511] (communication) StdoutLine: {'line': b'-- Detecting C compile features - done\n'}
[0.321777] (mujoco_msgs) StdoutLine: {'line': b'-- Detecting C compile features - done\n'}
[0.324427] (mujoco_msgs) StdoutLine: {'line': b'-- Detecting CXX compiler ABI info\n'}
[0.324511] (communication) StdoutLine: {'line': b'-- Detecting CXX compiler ABI info\n'}
[0.389950] (communication) StdoutLine: {'line': b'-- Detecting CXX compiler ABI info - done\n'}
[0.390144] (mujoco_msgs) StdoutLine: {'line': b'-- Detecting CXX compiler ABI info - done\n'}
[0.394906] (communication) StdoutLine: {'line': b'-- Check for working CXX compiler: /usr/bin/c++ - skipped\n'}
[0.395123] (communication) StdoutLine: {'line': b'-- Detecting CXX compile features\n'}
[0.395338] (mujoco_msgs) StdoutLine: {'line': b'-- Check for working CXX compiler: /usr/bin/c++ - skipped\n'}
[0.395443] (communication) StdoutLine: {'line': b'-- Detecting CXX compile features - done\n'}
[0.395552] (mujoco_msgs) StdoutLine: {'line': b'-- Detecting CXX compile features\n'}
[0.395872] (mujoco_msgs) StdoutLine: {'line': b'-- Detecting CXX compile features - done\n'}
[0.400082] (-) TimerEvent: {}
[0.406576] (communication) StdoutLine: {'line': b'-- Found ament_cmake: 1.3.11 (/opt/ros/humble/share/ament_cmake/cmake)\n'}
[0.406689] (mujoco_msgs) StdoutLine: {'line': b'-- Found ament_cmake: 1.3.11 (/opt/ros/humble/share/ament_cmake/cmake)\n'}
[0.500184] (-) TimerEvent: {}
[0.531928] (communication) StdoutLine: {'line': b'-- Found Python3: /usr/bin/python3 (found version "3.10.12") found components: Interpreter \n'}
[0.532150] (mujoco_msgs) StdoutLine: {'line': b'-- Found Python3: /usr/bin/python3 (found version "3.10.12") found components: Interpreter \n'}
[0.585583] (communication) StdoutLine: {'line': b'-- Override CMake install command with custom implementation using symlinks instead of copying resources\n'}
[0.585810] (mujoco_msgs) StdoutLine: {'line': b'-- Override CMake install command with custom implementation using symlinks instead of copying resources\n'}
[0.600252] (-) TimerEvent: {}
[0.641550] (communication) StdoutLine: {'line': b'-- Found std_msgs: 4.2.4 (/opt/ros/humble/share/std_msgs/cmake)\n'}
[0.641735] (mujoco_msgs) StdoutLine: {'line': b'-- Found std_msgs: 4.2.4 (/opt/ros/humble/share/std_msgs/cmake)\n'}
[0.700354] (-) TimerEvent: {}
[0.704512] (communication) StdoutLine: {'line': b'-- Found rosidl_generator_c: 3.1.6 (/opt/ros/humble/share/rosidl_generator_c/cmake)\n'}
[0.704660] (mujoco_msgs) StdoutLine: {'line': b'-- Found rosidl_generator_c: 3.1.6 (/opt/ros/humble/share/rosidl_generator_c/cmake)\n'}
[0.713836] (mujoco_msgs) StdoutLine: {'line': b'-- Found rosidl_adapter: 3.1.6 (/opt/ros/humble/share/rosidl_adapter/cmake)\n'}
[0.714012] (communication) StdoutLine: {'line': b'-- Found rosidl_adapter: 3.1.6 (/opt/ros/humble/share/rosidl_adapter/cmake)\n'}
[0.726473] (communication) StdoutLine: {'line': b'-- Found rosidl_generator_cpp: 3.1.6 (/opt/ros/humble/share/rosidl_generator_cpp/cmake)\n'}
[0.726643] (mujoco_msgs) StdoutLine: {'line': b'-- Found rosidl_generator_cpp: 3.1.6 (/opt/ros/humble/share/rosidl_generator_cpp/cmake)\n'}
[0.746490] (mujoco_msgs) StdoutLine: {'line': b'-- Using all available rosidl_typesupport_c: rosidl_typesupport_fastrtps_c;rosidl_typesupport_introspection_c\n'}
[0.746726] (communication) StdoutLine: {'line': b'-- Using all available rosidl_typesupport_c: rosidl_typesupport_fastrtps_c;rosidl_typesupport_introspection_c\n'}
[0.769564] (communication) StdoutLine: {'line': b'-- Using all available rosidl_typesupport_cpp: rosidl_typesupport_fastrtps_cpp;rosidl_typesupport_introspection_cpp\n'}
[0.769778] (mujoco_msgs) StdoutLine: {'line': b'-- Using all available rosidl_typesupport_cpp: rosidl_typesupport_fastrtps_cpp;rosidl_typesupport_introspection_cpp\n'}
[0.800475] (-) TimerEvent: {}
[0.804088] (communication) StdoutLine: {'line': b'-- Found geometry_msgs: 4.2.4 (/opt/ros/humble/share/geometry_msgs/cmake)\n'}
[0.804252] (mujoco_msgs) StdoutLine: {'line': b'-- Found nav_msgs: 4.2.4 (/opt/ros/humble/share/nav_msgs/cmake)\n'}
[0.824007] (communication) StdoutLine: {'line': b'-- Found sensor_msgs: 4.2.4 (/opt/ros/humble/share/sensor_msgs/cmake)\n'}
[0.838613] (mujoco_msgs) StdoutLine: {'line': b'-- Found rosidl_default_generators: 1.2.0 (/opt/ros/humble/share/rosidl_default_generators/cmake)\n'}
[0.843777] (communication) StdoutLine: {'line': b'-- Found rosidl_default_generators: 1.2.0 (/opt/ros/humble/share/rosidl_default_generators/cmake)\n'}
[0.900563] (-) TimerEvent: {}
[1.000857] (-) TimerEvent: {}
[1.053623] (mujoco_msgs) StdoutLine: {'line': b'-- Found ament_cmake_ros: 0.10.0 (/opt/ros/humble/share/ament_cmake_ros/cmake)\n'}
[1.100956] (-) TimerEvent: {}
[1.102086] (communication) StdoutLine: {'line': b'-- Found ament_cmake_ros: 0.10.0 (/opt/ros/humble/share/ament_cmake_ros/cmake)\n'}
[1.201044] (-) TimerEvent: {}
[1.301289] (-) TimerEvent: {}
[1.346994] (mujoco_msgs) StdoutLine: {'line': b'-- Using all available rosidl_typesupport_c: rosidl_typesupport_fastrtps_c;rosidl_typesupport_introspection_c\n'}
[1.401376] (-) TimerEvent: {}
[1.455059] (mujoco_msgs) StdoutLine: {'line': b'-- Using all available rosidl_typesupport_cpp: rosidl_typesupport_fastrtps_cpp;rosidl_typesupport_introspection_cpp\n'}
[1.472018] (communication) StdoutLine: {'line': b'-- Using all available rosidl_typesupport_c: rosidl_typesupport_fastrtps_c;rosidl_typesupport_introspection_c\n'}
[1.472929] (mujoco_msgs) StdoutLine: {'line': b'-- Found PythonInterp: /usr/bin/python3 (found suitable version "3.10.12", minimum required is "3.6") \n'}
[1.476435] (mujoco_msgs) StdoutLine: {'line': b'-- Found python_cmake_module: 0.10.0 (/opt/ros/humble/share/python_cmake_module/cmake)\n'}
[1.500893] (mujoco_msgs) StdoutLine: {'line': b'-- Found PythonLibs: /usr/lib/x86_64-linux-gnu/libpython3.10.so (found suitable version "3.10.12", minimum required is "3.5") \n'}
[1.501121] (mujoco_msgs) StdoutLine: {'line': b'-- Using PYTHON_EXECUTABLE: /usr/bin/python3\n'}
[1.501197] (mujoco_msgs) StdoutLine: {'line': b'-- Using PYTHON_INCLUDE_DIRS: /usr/include/python3.10\n'}
[1.501263] (mujoco_msgs) StdoutLine: {'line': b'-- Using PYTHON_LIBRARIES: /usr/lib/x86_64-linux-gnu/libpython3.10.so\n'}
[1.501434] (-) TimerEvent: {}
[1.518923] (mujoco_msgs) StdoutLine: {'line': b'-- Found PythonExtra: .so  \n'}
[1.568898] (mujoco_msgs) StdoutLine: {'line': b'-- Configuring done\n'}
[1.599392] (mujoco_msgs) StdoutLine: {'line': b'-- Generating done\n'}
[1.601506] (-) TimerEvent: {}
[1.609041] (mujoco_msgs) StdoutLine: {'line': b'-- Build files have been written to: /workspaces/ros_humble_mujoco_leo/leo/build/mujoco_msgs\n'}
[1.616490] (mujoco_msgs) CommandEnded: {'returncode': 0}
[1.616949] (mujoco_msgs) JobProgress: {'identifier': 'mujoco_msgs', 'progress': 'build'}
[1.617411] (mujoco_msgs) Command: {'cmd': ['/usr/bin/cmake', '--build', '/workspaces/ros_humble_mujoco_leo/leo/build/mujoco_msgs', '--', '-j16', '-l16'], 'cwd': '/workspaces/ros_humble_mujoco_leo/leo/build/mujoco_msgs', 'env': OrderedDict([('PYTHON_BASIC_REPL', '1'), ('HOSTNAME', '90a2fc37cb61'), ('GIT_ASKPASS', '/vscode/vscode-server/bin/linux-x64/b6a47e94e326b5c209d118cf0f994d6065585705/extensions/git/dist/askpass.sh'), ('SHLVL', '2'), ('LD_LIBRARY_PATH', '/usr/lib/x86_64-linux-gnu/gazebo-11/plugins:/opt/ros/humble/opt/rviz_ogre_vendor/lib:/opt/ros/humble/lib/x86_64-linux-gnu:/opt/ros/humble/lib'), ('BROWSER', '/vscode/vscode-server/bin/linux-x64/b6a47e94e326b5c209d118cf0f994d6065585705/bin/helpers/browser.sh'), ('HOME', '/home/devuser'), ('OLDPWD', '/workspaces/ros_humble_mujoco_leo'), ('TERM_PROGRAM_VERSION', '1.109.3'), ('VSCODE_IPC_HOOK_CLI', '/run/user/1000/vscode-ipc-b40a9768-fd22-46bd-aca4-33e71f6db7ef.sock'), ('ROS_PYTHON_VERSION', '3'), ('VSCODE_GIT_ASKPASS_MAIN', '/vscode/vscode-server/bin/linux-x64/b6a47e94e326b5c209d118cf0f994d6065585705/extensions/git/dist/askpass-main.js'), ('VSCODE_GIT_ASKPASS_NODE', '/vscode/vscode-server/bin/linux-x64/b6a47e94e326b5c209d118cf0f994d6065585705/node'), ('PYDEVD_DISABLE_FILE_VALIDATION', '1'), ('BUNDLED_DEBUGPY_PATH', '/home/devuser/.vscode-server/extensions/ms-python.debugpy-2025.18.0-linux-x64/bundled/libs/debugpy'), ('VSCODE_PYTHON_AUTOACTIVATE_GUARD', '1'), ('COLORTERM', 'truecolor'), ('REMOTE_CONTAINERS', 'true'), ('ROS_DISTRO', 'humble'), ('REMOTE_CONTAINERS_IPC', '/tmp/vscode-remote-containers-ipc-ae47200a-172c-4fdc-b85b-553534a262ca.sock'), ('_', '/usr/bin/colcon'), ('ROS_VERSION', '2'), ('NVIDIA_DRIVER_CAPABILITIES', 'all'), ('TERM', 'xterm-256color'), ('ROS_LOCALHOST_ONLY', '0'), ('PATH', '/opt/ros/humble/bin:/home/devuser/.vscode-server/data/User/globalStorage/github.copilot-chat/debugCommand:/home/devuser/.vscode-server/data/User/globalStorage/github.copilot-chat/copilotCli:/vscode/vscode-server/bin/linux-x64/b6a47e94e326b5c209d118cf0f994d6065585705/bin/remote-cli:/usr/local/sbin:/usr/local/bin:/usr/sbin:/usr/bin:/sbin:/bin:/home/devuser/.vscode-server/extensions/ms-python.debugpy-2025.18.0-linux-x64/bundled/scripts/noConfigScripts'), ('XDG_RUNTIME_DIR', '/run/user/1000'), ('REMOTE_CONTAINERS_SOCKETS', '["/tmp/vscode-ssh-auth-ae47200a-172c-4fdc-b85b-553534a262ca.sock","/run/user/1001/gnupg/S.gpg-agent"]'), ('DISPLAY', ':0'), ('VSCODE_DEBUGPY_ADAPTER_ENDPOINTS', '/home/devuser/.vscode-server/extensions/ms-python.debugpy-2025.18.0-linux-x64/.noConfigDebugAdapterEndpoints/endpoint-567088a392697e08.txt'), ('LANG', 'C.UTF-8'), ('PYTHONSTARTUP', '/home/devuser/.vscode-server/data/User/workspaceStorage/1f879e3b6f621ee12491734ba3f165a7/ms-python.python/pythonrc.py'), ('XAUTHORITY', '/root/.Xauthority'), ('LS_COLORS', 'rs=0:di=01;34:ln=01;36:mh=00:pi=40;33:so=01;35:do=01;35:bd=40;33;01:cd=40;33;01:or=40;31;01:mi=00:su=37;41:sg=30;43:ca=30;41:tw=30;42:ow=34;42:st=37;44:ex=01;32:*.tar=01;31:*.tgz=01;31:*.arc=01;31:*.arj=01;31:*.taz=01;31:*.lha=01;31:*.lz4=01;31:*.lzh=01;31:*.lzma=01;31:*.tlz=01;31:*.txz=01;31:*.tzo=01;31:*.t7z=01;31:*.zip=01;31:*.z=01;31:*.dz=01;31:*.gz=01;31:*.lrz=01;31:*.lz=01;31:*.lzo=01;31:*.xz=01;31:*.zst=01;31:*.tzst=01;31:*.bz2=01;31:*.bz=01;31:*.tbz=01;31:*.tbz2=01;31:*.tz=01;31:*.deb=01;31:*.rpm=01;31:*.jar=01;31:*.war=01;31:*.ear=01;31:*.sar=01;31:*.rar=01;31:*.alz=01;31:*.ace=01;31:*.zoo=01;31:*.cpio=01;31:*.7z=01;31:*.rz=01;31:*.cab=01;31:*.wim=01;31:*.swm=01;31:*.dwm=01;31:*.esd=01;31:*.jpg=01;35:*.jpeg=01;35:*.mjpg=01;35:*.mjpeg=01;35:*.gif=01;35:*.bmp=01;35:*.pbm=01;35:*.pgm=01;35:*.ppm=01;35:*.tga=01;35:*.xbm=01;35:*.xpm=01;35:*.tif=01;35:*.tiff=01;35:*.png=01;35:*.svg=01;35:*.svgz=01;35:*.mng=01;35:*.pcx=01;35:*.mov=01;35:*.mpg=01;35:*.mpeg=01;35:*.m2v=01;35:*.mkv=01;35:*.webm=01;35:*.webp=01;35:*.ogm=01;35:*.mp4=01;35:*.m4v=01;35:*.mp4v=01;35:*.vob=01;35:*.qt=01;35:*.nuv=01;35:*.wmv=01;35:*.asf=01;35:*.rm=01;35:*.rmvb=01;35:*.flc=01;35:*.avi=01;35:*.fli=01;35:*.flv=01;35:*.gl=01;35:*.dl=01;35:*.xcf=01;35:*.xwd=01;35:*.yuv=01;35:*.cgm=01;35:*.emf=01;35:*.ogv=01;35:*.ogx=01;35:*.aac=00;36:*.au=00;36:*.flac=00;36:*.m4a=00;36:*.mid=00;36:*.midi=00;36:*.mka=00;36:*.mp3=00;36:*.mpc=00;36:*.ogg=00;36:*.ra=00;36:*.wav=00;36:*.oga=00;36:*.opus=00;36:*.spx=00;36:*.xspf=00;36:'), ('VSCODE_GIT_IPC_HANDLE', '/run/user/1000/vscode-git-0c002ae190.sock'), ('TERM_PROGRAM', 'vscode'), ('SSH_AUTH_SOCK', '/tmp/vscode-ssh-auth-ae47200a-172c-4fdc-b85b-553534a262ca.sock'), ('AMENT_PREFIX_PATH', '/opt/ros/humble'), ('DEBIAN_FRONTEND', 'noninteractive'), ('SHELL', '/bin/bash'), ('VSCODE_GIT_ASKPASS_EXTRA_ARGS', ''), ('PWD', '/workspaces/ros_humble_mujoco_leo/leo/build/mujoco_msgs'), ('LC_ALL', 'C.UTF-8'), ('PYTHONPATH', '/opt/ros/humble/lib/python3.10/site-packages:/opt/ros/humble/local/lib/python3.10/dist-packages'), ('NVIDIA_VISIBLE_DEVICES', 'all'), ('COLCON', '1'), ('CMAKE_PREFIX_PATH', '/opt/ros/humble')]), 'shell': False}
[1.619317] (communication) StdoutLine: {'line': b'-- Using all available rosidl_typesupport_cpp: rosidl_typesupport_fastrtps_cpp;rosidl_typesupport_introspection_cpp\n'}
[1.636967] (communication) StdoutLine: {'line': b'-- Found PythonInterp: /usr/bin/python3 (found suitable version "3.10.12", minimum required is "3.6") \n'}
[1.640138] (communication) StdoutLine: {'line': b'-- Found python_cmake_module: 0.10.0 (/opt/ros/humble/share/python_cmake_module/cmake)\n'}
[1.653771] (mujoco_msgs) StdoutLine: {'line': b'[  3%] \x1b[34m\x1b[1mGenerating C code for ROS interfaces\x1b[0m\n'}
[1.661473] (communication) StdoutLine: {'line': b'-- Found PythonLibs: /usr/lib/x86_64-linux-gnu/libpython3.10.so (found suitable version "3.10.12", minimum required is "3.5") \n'}
[1.661643] (communication) StdoutLine: {'line': b'-- Using PYTHON_EXECUTABLE: /usr/bin/python3\n'}
[1.661730] (communication) StdoutLine: {'line': b'-- Using PYTHON_INCLUDE_DIRS: /usr/include/python3.10\n'}
[1.661829] (communication) StdoutLine: {'line': b'-- Using PYTHON_LIBRARIES: /usr/lib/x86_64-linux-gnu/libpython3.10.so\n'}
[1.662251] (mujoco_msgs) StdoutLine: {'line': b'[  6%] \x1b[34m\x1b[1mGenerating C++ code for ROS interfaces\x1b[0m\n'}
[1.669515] (mujoco_msgs) StdoutLine: {'line': b'[  6%] Built target ament_cmake_python_symlink_mujoco_msgs\n'}
[1.679000] (communication) StdoutLine: {'line': b'-- Found PythonExtra: .so  \n'}
[1.701610] (-) TimerEvent: {}
[1.745606] (communication) StdoutLine: {'line': b'-- Configuring done\n'}
[1.784234] (communication) StdoutLine: {'line': b'-- Generating done\n'}
[1.793973] (communication) StdoutLine: {'line': b'-- Build files have been written to: /workspaces/ros_humble_mujoco_leo/leo/build/communication\n'}
[1.801539] (communication) CommandEnded: {'returncode': 0}
[1.801912] (-) TimerEvent: {}
[1.802197] (communication) JobProgress: {'identifier': 'communication', 'progress': 'build'}
[1.802432] (communication) Command: {'cmd': ['/usr/bin/cmake', '--build', '/workspaces/ros_humble_mujoco_leo/leo/build/communication', '--', '-j16', '-l16'], 'cwd': '/workspaces/ros_humble_mujoco_leo/leo/build/communication', 'env': OrderedDict([('PYTHON_BASIC_REPL', '1'), ('HOSTNAME', '90a2fc37cb61'), ('GIT_ASKPASS', '/vscode/vscode-server/bin/linux-x64/b6a47e94e326b5c209d118cf0f994d6065585705/extensions/git/dist/askpass.sh'), ('SHLVL', '2'), ('LD_LIBRARY_PATH', '/usr/lib/x86_64-linux-gnu/gazebo-11/plugins:/opt/ros/humble/opt/rviz_ogre_vendor/lib:/opt/ros/humble/lib/x86_64-linux-gnu:/opt/ros/humble/lib'), ('BROWSER', '/vscode/vscode-server/bin/linux-x64/b6a47e94e326b5c209d118cf0f994d6065585705/bin/helpers/browser.sh'), ('HOME', '/home/devuser'), ('OLDPWD', '/workspaces/ros_humble_mujoco_leo'), ('TERM_PROGRAM_VERSION', '1.109.3'), ('VSCODE_IPC_HOOK_CLI', '/run/user/1000/vscode-ipc-b40a9768-fd22-46bd-aca4-33e71f6db7ef.sock'), ('ROS_PYTHON_VERSION', '3'), ('VSCODE_GIT_ASKPASS_MAIN', '/vscode/vscode-server/bin/linux-x64/b6a47e94e326b5c209d118cf0f994d6065585705/extensions/git/dist/askpass-main.js'), ('VSCODE_GIT_ASKPASS_NODE', '/vscode/vscode-server/bin/linux-x64/b6a47e94e326b5c209d118cf0f994d6065585705/node'), ('PYDEVD_DISABLE_FILE_VALIDATION', '1'), ('BUNDLED_DEBUGPY_PATH', '/home/devuser/.vscode-server/extensions/ms-python.debugpy-2025.18.0-linux-x64/bundled/libs/debugpy'), ('VSCODE_PYTHON_AUTOACTIVATE_GUARD', '1'), ('COLORTERM', 'truecolor'), ('REMOTE_CONTAINERS', 'true'), ('ROS_DISTRO', 'humble'), ('REMOTE_CONTAINERS_IPC', '/tmp/vscode-remote-containers-ipc-ae47200a-172c-4fdc-b85b-553534a262ca.sock'), ('_', '/usr/bin/colcon'), ('ROS_VERSION', '2'), ('NVIDIA_DRIVER_CAPABILITIES', 'all'), ('TERM', 'xterm-256color'), ('ROS_LOCALHOST_ONLY', '0'), ('PATH', '/opt/ros/humble/bin:/home/devuser/.vscode-server/data/User/globalStorage/github.copilot-chat/debugCommand:/home/devuser/.vscode-server/data/User/globalStorage/github.copilot-chat/copilotCli:/vscode/vscode-server/bin/linux-x64/b6a47e94e326b5c209d118cf0f994d6065585705/bin/remote-cli:/usr/local/sbin:/usr/local/bin:/usr/sbin:/usr/bin:/sbin:/bin:/home/devuser/.vscode-server/extensions/ms-python.debugpy-2025.18.0-linux-x64/bundled/scripts/noConfigScripts'), ('XDG_RUNTIME_DIR', '/run/user/1000'), ('REMOTE_CONTAINERS_SOCKETS', '["/tmp/vscode-ssh-auth-ae47200a-172c-4fdc-b85b-553534a262ca.sock","/run/user/1001/gnupg/S.gpg-agent"]'), ('DISPLAY', ':0'), ('VSCODE_DEBUGPY_ADAPTER_ENDPOINTS', '/home/devuser/.vscode-server/extensions/ms-python.debugpy-2025.18.0-linux-x64/.noConfigDebugAdapterEndpoints/endpoint-567088a392697e08.txt'), ('LANG', 'C.UTF-8'), ('PYTHONSTARTUP', '/home/devuser/.vscode-server/data/User/workspaceStorage/1f879e3b6f621ee12491734ba3f165a7/ms-python.python/pythonrc.py'), ('XAUTHORITY', '/root/.Xauthority'), ('LS_COLORS', 'rs=0:di=01;34:ln=01;36:mh=00:pi=40;33:so=01;35:do=01;35:bd=40;33;01:cd=40;33;01:or=40;31;01:mi=00:su=37;41:sg=30;43:ca=30;41:tw=30;42:ow=34;42:st=37;44:ex=01;32:*.tar=01;31:*.tgz=01;31:*.arc=01;31:*.arj=01;31:*.taz=01;31:*.lha=01;31:*.lz4=01;31:*.lzh=01;31:*.lzma=01;31:*.tlz=01;31:*.txz=01;31:*.tzo=01;31:*.t7z=01;31:*.zip=01;31:*.z=01;31:*.dz=01;31:*.gz=01;31:*.lrz=01;31:*.lz=01;31:*.lzo=01;31:*.xz=01;31:*.zst=01;31:*.tzst=01;31:*.bz2=01;31:*.bz=01;31:*.tbz=01;31:*.tbz2=01;31:*.tz=01;31:*.deb=01;31:*.rpm=01;31:*.jar=01;31:*.war=01;31:*.ear=01;31:*.sar=01;31:*.rar=01;31:*.alz=01;31:*.ace=01;31:*.zoo=01;31:*.cpio=01;31:*.7z=01;31:*.rz=01;31:*.cab=01;31:*.wim=01;31:*.swm=01;31:*.dwm=01;31:*.esd=01;31:*.jpg=01;35:*.jpeg=01;35:*.mjpg=01;35:*.mjpeg=01;35:*.gif=01;35:*.bmp=01;35:*.pbm=01;35:*.pgm=01;35:*.ppm=01;35:*.tga=01;35:*.xbm=01;35:*.xpm=01;35:*.tif=01;35:*.tiff=01;35:*.png=01;35:*.svg=01;35:*.svgz=01;35:*.mng=01;35:*.pcx=01;35:*.mov=01;35:*.mpg=01;35:*.mpeg=01;35:*.m2v=01;35:*.mkv=01;35:*.webm=01;35:*.webp=01;35:*.ogm=01;35:*.mp4=01;35:*.m4v=01;35:*.mp4v=01;35:*.vob=01;35:*.qt=01;35:*.nuv=01;35:*.wmv=01;35:*.asf=01;35:*.rm=01;35:*.rmvb=01;35:*.flc=01;35:*.avi=01;35:*.fli=01;35:*.flv=01;35:*.gl=01;35:*.dl=01;35:*.xcf=01;35:*.xwd=01;35:*.yuv=01;35:*.cgm=01;35:*.emf=01;35:*.ogv=01;35:*.ogx=01;35:*.aac=00;36:*.au=00;36:*.flac=00;36:*.m4a=00;36:*.mid=00;36:*.midi=00;36:*.mka=00;36:*.mp3=00;36:*.mpc=00;36:*.ogg=00;36:*.ra=00;36:*.wav=00;36:*.oga=00;36:*.opus=00;36:*.spx=00;36:*.xspf=00;36:'), ('VSCODE_GIT_IPC_HANDLE', '/run/user/1000/vscode-git-0c002ae190.sock'), ('TERM_PROGRAM', 'vscode'), ('SSH_AUTH_SOCK', '/tmp/vscode-ssh-auth-ae47200a-172c-4fdc-b85b-553534a262ca.sock'), ('AMENT_PREFIX_PATH', '/opt/ros/humble'), ('DEBIAN_FRONTEND', 'noninteractive'), ('SHELL', '/bin/bash'), ('VSCODE_GIT_ASKPASS_EXTRA_ARGS', ''), ('PWD', '/workspaces/ros_humble_mujoco_leo/leo/build/communication'), ('LC_ALL', 'C.UTF-8'), ('PYTHONPATH', '/opt/ros/humble/lib/python3.10/site-packages:/opt/ros/humble/local/lib/python3.10/dist-packages'), ('NVIDIA_VISIBLE_DEVICES', 'all'), ('COLCON', '1'), ('CMAKE_PREFIX_PATH', '/opt/ros/humble')]), 'shell': False}
[1.839327] (mujoco_msgs) StdoutLine: {'line': b'[  6%] Built target mujoco_msgs__cpp\n'}
[1.842336] (communication) StdoutLine: {'line': b'[  1%] \x1b[34m\x1b[1mGenerating C code for ROS interfaces\x1b[0m\n'}
[1.843316] (mujoco_msgs) StdoutLine: {'line': b'[  9%] \x1b[32mBuilding C object CMakeFiles/mujoco_msgs__rosidl_generator_c.dir/rosidl_generator_c/mujoco_msgs/msg/detail/control__functions.c.o\x1b[0m\n'}
[1.848860] (mujoco_msgs) StdoutLine: {'line': b'[ 19%] \x1b[34m\x1b[1mGenerating C++ introspection for ROS interfaces\x1b[0m\n'}
[1.849035] (mujoco_msgs) StdoutLine: {'line': b'[ 19%] \x1b[34m\x1b[1mGenerating C++ type support dispatch for ROS interfaces\x1b[0m\n'}
[1.849109] (mujoco_msgs) StdoutLine: {'line': b'[ 19%] \x1b[34m\x1b[1mGenerating C++ type support for eProsima Fast-RTPS\x1b[0m\n'}
[1.851300] (communication) StdoutLine: {'line': b'[  3%] \x1b[34m\x1b[1mGenerating C++ code for ROS interfaces\x1b[0m\n'}
[1.858504] (communication) StdoutLine: {'line': b'[  3%] Built target ament_cmake_python_symlink_communication\n'}
[1.878515] (mujoco_msgs) StdoutLine: {'line': b'running egg_info\n'}
[1.878898] (mujoco_msgs) StdoutLine: {'line': b'creating mujoco_msgs.egg-info\n'}
[1.879090] (mujoco_msgs) StdoutLine: {'line': b'writing mujoco_msgs.egg-info/PKG-INFO\n'}
[1.879223] (mujoco_msgs) StdoutLine: {'line': b'writing dependency_links to mujoco_msgs.egg-info/dependency_links.txt\n'}
[1.879334] (mujoco_msgs) StdoutLine: {'line': b'writing top-level names to mujoco_msgs.egg-info/top_level.txt\n'}
[1.879506] (mujoco_msgs) StdoutLine: {'line': b"writing manifest file 'mujoco_msgs.egg-info/SOURCES.txt'\n"}
[1.881512] (mujoco_msgs) StdoutLine: {'line': b"reading manifest file 'mujoco_msgs.egg-info/SOURCES.txt'\n"}
[1.881926] (mujoco_msgs) StdoutLine: {'line': b"writing manifest file 'mujoco_msgs.egg-info/SOURCES.txt'\n"}
[1.902018] (-) TimerEvent: {}
[1.910013] (mujoco_msgs) StdoutLine: {'line': b'[ 19%] Built target ament_cmake_python_build_mujoco_msgs_egg\n'}
[1.910905] (mujoco_msgs) StdoutLine: {'line': b'[ 22%] \x1b[32m\x1b[1mLinking C shared library libmujoco_msgs__rosidl_generator_c.so\x1b[0m\n'}
[1.945166] (mujoco_msgs) StdoutLine: {'line': b'[ 22%] Built target mujoco_msgs__rosidl_generator_c\n'}
[1.954666] (mujoco_msgs) StdoutLine: {'line': b'[ 29%] \x1b[34m\x1b[1mGenerating C introspection for ROS interfaces\x1b[0m\n'}
[1.954857] (mujoco_msgs) StdoutLine: {'line': b'[ 29%] \x1b[34m\x1b[1mGenerating C type support dispatch for ROS interfaces\x1b[0m\n'}
[1.957670] (mujoco_msgs) StdoutLine: {'line': b'[ 32%] \x1b[34m\x1b[1mGenerating C type support for eProsima Fast-RTPS\x1b[0m\n'}
[2.002113] (-) TimerEvent: {}
[2.038821] (mujoco_msgs) StdoutLine: {'line': b'[ 35%] \x1b[32mBuilding CXX object CMakeFiles/mujoco_msgs__rosidl_typesupport_cpp.dir/rosidl_typesupport_cpp/mujoco_msgs/msg/control__type_support.cpp.o\x1b[0m\n'}
[2.050775] (mujoco_msgs) StdoutLine: {'line': b'[ 38%] \x1b[32mBuilding CXX object CMakeFiles/mujoco_msgs__rosidl_typesupport_introspection_cpp.dir/rosidl_typesupport_introspection_cpp/mujoco_msgs/msg/detail/control__type_support.cpp.o\x1b[0m\n'}
[2.072724] (mujoco_msgs) StdoutLine: {'line': b'[ 41%] \x1b[32mBuilding CXX object CMakeFiles/mujoco_msgs__rosidl_typesupport_fastrtps_cpp.dir/rosidl_typesupport_fastrtps_cpp/mujoco_msgs/msg/detail/dds_fastrtps/control__type_support.cpp.o\x1b[0m\n'}
[2.102202] (-) TimerEvent: {}
[2.102436] (communication) StdoutLine: {'line': b'running egg_info\n'}
[2.102784] (communication) StdoutLine: {'line': b'creating communication.egg-info\n'}
[2.103007] (communication) StdoutLine: {'line': b'writing communication.egg-info/PKG-INFO\n'}
[2.103171] (communication) StdoutLine: {'line': b'writing dependency_links to communication.egg-info/dependency_links.txt\n'}
[2.103357] (communication) StdoutLine: {'line': b'writing top-level names to communication.egg-info/top_level.txt\n'}
[2.103578] (communication) StdoutLine: {'line': b"writing manifest file 'communication.egg-info/SOURCES.txt'\n"}
[2.105485] (communication) StdoutLine: {'line': b"reading manifest file 'communication.egg-info/SOURCES.txt'\n"}
[2.106078] (communication) StdoutLine: {'line': b"writing manifest file 'communication.egg-info/SOURCES.txt'\n"}
[2.138370] (communication) StdoutLine: {'line': b'[  3%] Built target ament_cmake_python_build_communication_egg\n'}
[2.155531] (mujoco_msgs) StdoutLine: {'line': b'[ 45%] \x1b[32mBuilding CXX object CMakeFiles/mujoco_msgs__rosidl_typesupport_c.dir/rosidl_typesupport_c/mujoco_msgs/msg/control__type_support.cpp.o\x1b[0m\n'}
[2.164339] (mujoco_msgs) StdoutLine: {'line': b'[ 48%] \x1b[32mBuilding C object CMakeFiles/mujoco_msgs__rosidl_typesupport_introspection_c.dir/rosidl_typesupport_introspection_c/mujoco_msgs/msg/detail/control__type_support.c.o\x1b[0m\n'}
[2.185574] (mujoco_msgs) StdoutLine: {'line': b'[ 51%] \x1b[32m\x1b[1mLinking CXX shared library libmujoco_msgs__rosidl_typesupport_c.so\x1b[0m\n'}
[2.192509] (mujoco_msgs) StdoutLine: {'line': b'[ 54%] \x1b[32mBuilding CXX object CMakeFiles/mujoco_msgs__rosidl_typesupport_fastrtps_c.dir/rosidl_typesupport_fastrtps_c/mujoco_msgs/msg/detail/control__type_support_c.cpp.o\x1b[0m\n'}
[2.198612] (mujoco_msgs) StdoutLine: {'line': b'[ 58%] \x1b[32m\x1b[1mLinking C shared library libmujoco_msgs__rosidl_typesupport_introspection_c.so\x1b[0m\n'}
[2.202301] (-) TimerEvent: {}
[2.229379] (mujoco_msgs) StdoutLine: {'line': b'[ 58%] Built target mujoco_msgs__rosidl_typesupport_introspection_c\n'}
[2.229580] (mujoco_msgs) StdoutLine: {'line': b'[ 58%] Built target mujoco_msgs__rosidl_typesupport_c\n'}
[2.276765] (communication) StdoutLine: {'line': b'[  4%] \x1b[32mBuilding C object CMakeFiles/communication__rosidl_generator_c.dir/rosidl_generator_c/communication/msg/detail/motion_commands__functions.c.o\x1b[0m\n'}
[2.277814] (communication) StdoutLine: {'line': b'[  6%] \x1b[32mBuilding C object CMakeFiles/communication__rosidl_generator_c.dir/rosidl_generator_c/communication/msg/detail/actuator_cmds__functions.c.o\x1b[0m\n'}
[2.278926] (communication) StdoutLine: {'line': b'[  7%] \x1b[32mBuilding C object CMakeFiles/communication__rosidl_generator_c.dir/rosidl_generator_c/communication/msg/detail/touch_sensor__functions.c.o\x1b[0m\n'}
[2.282372] (communication) StdoutLine: {'line': b'[  9%] \x1b[32mBuilding C object CMakeFiles/communication__rosidl_generator_c.dir/rosidl_generator_c/communication/srv/detail/gait_switch__functions.c.o\x1b[0m\n'}
[2.282736] (communication) StdoutLine: {'line': b'[ 11%] \x1b[32mBuilding C object CMakeFiles/communication__rosidl_generator_c.dir/rosidl_generator_c/communication/srv/detail/simulation_reset__functions.c.o\x1b[0m\n'}
[2.292729] (communication) StdoutLine: {'line': b'[ 11%] Built target communication__cpp\n'}
[2.302432] (-) TimerEvent: {}
[2.303086] (communication) StdoutLine: {'line': b'[ 12%] \x1b[34m\x1b[1mGenerating C++ type support dispatch for ROS interfaces\x1b[0m\n'}
[2.306430] (communication) StdoutLine: {'line': b'[ 15%] \x1b[34m\x1b[1mGenerating C++ introspection for ROS interfaces\x1b[0m\n'}
[2.306703] (communication) StdoutLine: {'line': b'[ 15%] \x1b[34m\x1b[1mGenerating C++ type support for eProsima Fast-RTPS\x1b[0m\n'}
[2.349071] (mujoco_msgs) StdoutLine: {'line': b'[ 61%] \x1b[32m\x1b[1mLinking CXX shared library libmujoco_msgs__rosidl_typesupport_cpp.so\x1b[0m\n'}
[2.353519] (communication) StdoutLine: {'line': b'[ 17%] \x1b[32m\x1b[1mLinking C shared library libcommunication__rosidl_generator_c.so\x1b[0m\n'}
[2.388791] (mujoco_msgs) StdoutLine: {'line': b'[ 61%] Built target mujoco_msgs__rosidl_typesupport_cpp\n'}
[2.390244] (communication) StdoutLine: {'line': b'[ 17%] Built target communication__rosidl_generator_c\n'}
[2.401146] (communication) StdoutLine: {'line': b'[ 20%] \x1b[34m\x1b[1mGenerating C introspection for ROS interfaces\x1b[0m\n'}
[2.401344] (communication) StdoutLine: {'line': b'[ 20%] \x1b[34m\x1b[1mGenerating C type support for eProsima Fast-RTPS\x1b[0m\n'}
[2.402485] (-) TimerEvent: {}
[2.403015] (communication) StdoutLine: {'line': b'[ 22%] \x1b[34m\x1b[1mGenerating C type support dispatch for ROS interfaces\x1b[0m\n'}
[2.428184] (mujoco_msgs) StdoutLine: {'line': b'[ 64%] \x1b[32m\x1b[1mLinking CXX shared library libmujoco_msgs__rosidl_typesupport_introspection_cpp.so\x1b[0m\n'}
[2.455674] (mujoco_msgs) StdoutLine: {'line': b'[ 67%] \x1b[32m\x1b[1mLinking CXX shared library libmujoco_msgs__rosidl_typesupport_fastrtps_cpp.so\x1b[0m\n'}
[2.497670] (mujoco_msgs) StdoutLine: {'line': b'[ 70%] \x1b[32m\x1b[1mLinking CXX shared library libmujoco_msgs__rosidl_typesupport_fastrtps_c.so\x1b[0m\n'}
[2.499621] (mujoco_msgs) StdoutLine: {'line': b'[ 70%] Built target mujoco_msgs__rosidl_typesupport_introspection_cpp\n'}
[2.502594] (-) TimerEvent: {}
[2.533703] (mujoco_msgs) StdoutLine: {'line': b'[ 70%] Built target mujoco_msgs__rosidl_typesupport_fastrtps_cpp\n'}
[2.568492] (mujoco_msgs) StdoutLine: {'line': b'[ 70%] Built target mujoco_msgs__rosidl_typesupport_fastrtps_c\n'}
[2.588632] (mujoco_msgs) StdoutLine: {'line': b'[ 70%] Built target mujoco_msgs\n'}
[2.602690] (-) TimerEvent: {}
[2.604648] (communication) StdoutLine: {'line': b'[ 25%] \x1b[32mBuilding CXX object CMakeFiles/communication__rosidl_typesupport_cpp.dir/rosidl_typesupport_cpp/communication/srv/simulation_reset__type_support.cpp.o\x1b[0m\n'}
[2.604829] (communication) StdoutLine: {'line': b'[ 25%] \x1b[32mBuilding CXX object CMakeFiles/communication__rosidl_typesupport_cpp.dir/rosidl_typesupport_cpp/communication/srv/gait_switch__type_support.cpp.o\x1b[0m\n'}
[2.605719] (communication) StdoutLine: {'line': b'[ 26%] \x1b[32mBuilding CXX object CMakeFiles/communication__rosidl_typesupport_cpp.dir/rosidl_typesupport_cpp/communication/msg/actuator_cmds__type_support.cpp.o\x1b[0m\n'}
[2.605934] (communication) StdoutLine: {'line': b'[ 30%] \x1b[32mBuilding CXX object CMakeFiles/communication__rosidl_typesupport_cpp.dir/rosidl_typesupport_cpp/communication/msg/motion_commands__type_support.cpp.o\x1b[0m\n'}
[2.606037] (communication) StdoutLine: {'line': b'[ 30%] \x1b[32mBuilding CXX object CMakeFiles/communication__rosidl_typesupport_cpp.dir/rosidl_typesupport_cpp/communication/msg/touch_sensor__type_support.cpp.o\x1b[0m\n'}
[2.607630] (mujoco_msgs) StdoutLine: {'line': b'[ 74%] \x1b[34m\x1b[1mGenerating Python code for ROS interfaces\x1b[0m\n'}
[2.668749] (communication) StdoutLine: {'line': b'[ 33%] \x1b[32mBuilding CXX object CMakeFiles/communication__rosidl_typesupport_introspection_cpp.dir/rosidl_typesupport_introspection_cpp/communication/msg/detail/touch_sensor__type_support.cpp.o\x1b[0m\n'}
[2.668927] (communication) StdoutLine: {'line': b'[ 33%] \x1b[32mBuilding CXX object CMakeFiles/communication__rosidl_typesupport_introspection_cpp.dir/rosidl_typesupport_introspection_cpp/communication/msg/detail/actuator_cmds__type_support.cpp.o\x1b[0m\n'}
[2.669004] (communication) StdoutLine: {'line': b'[ 34%] \x1b[32mBuilding CXX object CMakeFiles/communication__rosidl_typesupport_introspection_cpp.dir/rosidl_typesupport_introspection_cpp/communication/msg/detail/motion_commands__type_support.cpp.o\x1b[0m\n'}
[2.669079] (communication) StdoutLine: {'line': b'[ 36%] \x1b[32mBuilding CXX object CMakeFiles/communication__rosidl_typesupport_introspection_cpp.dir/rosidl_typesupport_introspection_cpp/communication/srv/detail/simulation_reset__type_support.cpp.o\x1b[0m\n'}
[2.669150] (communication) StdoutLine: {'line': b'[ 38%] \x1b[32mBuilding CXX object CMakeFiles/communication__rosidl_typesupport_introspection_cpp.dir/rosidl_typesupport_introspection_cpp/communication/srv/detail/gait_switch__type_support.cpp.o\x1b[0m\n'}
[2.702775] (-) TimerEvent: {}
[2.778844] (communication) StdoutLine: {'line': b'[ 41%] \x1b[32mBuilding CXX object CMakeFiles/communication__rosidl_typesupport_fastrtps_cpp.dir/rosidl_typesupport_fastrtps_cpp/communication/msg/detail/dds_fastrtps/actuator_cmds__type_support.cpp.o\x1b[0m\n'}
[2.779100] (communication) StdoutLine: {'line': b'[ 41%] \x1b[32mBuilding CXX object CMakeFiles/communication__rosidl_typesupport_fastrtps_cpp.dir/rosidl_typesupport_fastrtps_cpp/communication/msg/detail/dds_fastrtps/motion_commands__type_support.cpp.o\x1b[0m\n'}
[2.781758] (communication) StdoutLine: {'line': b'[ 42%] \x1b[32mBuilding CXX object CMakeFiles/communication__rosidl_typesupport_fastrtps_cpp.dir/rosidl_typesupport_fastrtps_cpp/communication/msg/detail/dds_fastrtps/touch_sensor__type_support.cpp.o\x1b[0m\n'}
[2.791826] (communication) StdoutLine: {'line': b'[ 44%] \x1b[32mBuilding CXX object CMakeFiles/communication__rosidl_typesupport_c.dir/rosidl_typesupport_c/communication/msg/actuator_cmds__type_support.cpp.o\x1b[0m\n'}
[2.803775] (-) TimerEvent: {}
[2.872337] (communication) StdoutLine: {'line': b'[ 46%] \x1b[32mBuilding CXX object CMakeFiles/communication__rosidl_typesupport_c.dir/rosidl_typesupport_c/communication/msg/motion_commands__type_support.cpp.o\x1b[0m\n'}
[2.903882] (-) TimerEvent: {}
[2.912805] (communication) StdoutLine: {'line': b'[ 47%] \x1b[32mBuilding CXX object CMakeFiles/communication__rosidl_typesupport_c.dir/rosidl_typesupport_c/communication/msg/touch_sensor__type_support.cpp.o\x1b[0m\n'}
[2.937775] (communication) StdoutLine: {'line': b'[ 52%] \x1b[32mBuilding CXX object CMakeFiles/communication__rosidl_typesupport_c.dir/rosidl_typesupport_c/communication/srv/simulation_reset__type_support.cpp.o\x1b[0m\n'}
[2.938956] (communication) StdoutLine: {'line': b'[ 52%] \x1b[32mBuilding CXX object CMakeFiles/communication__rosidl_typesupport_fastrtps_cpp.dir/rosidl_typesupport_fastrtps_cpp/communication/srv/detail/dds_fastrtps/gait_switch__type_support.cpp.o\x1b[0m\n'}
[2.939103] (communication) StdoutLine: {'line': b'[ 52%] \x1b[32mBuilding CXX object CMakeFiles/communication__rosidl_typesupport_fastrtps_cpp.dir/rosidl_typesupport_fastrtps_cpp/communication/srv/detail/dds_fastrtps/simulation_reset__type_support.cpp.o\x1b[0m\n'}
[2.945920] (communication) StdoutLine: {'line': b'[ 53%] \x1b[32mBuilding CXX object CMakeFiles/communication__rosidl_typesupport_c.dir/rosidl_typesupport_c/communication/srv/gait_switch__type_support.cpp.o\x1b[0m\n'}
[2.956010] (communication) StdoutLine: {'line': b'[ 57%] \x1b[32mBuilding C object CMakeFiles/communication__rosidl_typesupport_introspection_c.dir/rosidl_typesupport_introspection_c/communication/msg/detail/motion_commands__type_support.c.o\x1b[0m\n'}
[2.956455] (communication) StdoutLine: {'line': b'[ 57%] \x1b[32m\x1b[1mLinking CXX shared library libcommunication__rosidl_typesupport_cpp.so\x1b[0m\n'}
[2.958848] (communication) StdoutLine: {'line': b'[ 58%] \x1b[32mBuilding C object CMakeFiles/communication__rosidl_typesupport_introspection_c.dir/rosidl_typesupport_introspection_c/communication/msg/detail/actuator_cmds__type_support.c.o\x1b[0m\n'}
[2.985757] (communication) StdoutLine: {'line': b'[ 60%] \x1b[32mBuilding C object CMakeFiles/communication__rosidl_typesupport_introspection_c.dir/rosidl_typesupport_introspection_c/communication/msg/detail/touch_sensor__type_support.c.o\x1b[0m\n'}
[2.991237] (communication) StdoutLine: {'line': b'[ 61%] \x1b[32m\x1b[1mLinking CXX shared library libcommunication__rosidl_typesupport_c.so\x1b[0m\n'}
[3.002449] (communication) StdoutLine: {'line': b'[ 63%] \x1b[32mBuilding CXX object CMakeFiles/communication__rosidl_typesupport_fastrtps_c.dir/rosidl_typesupport_fastrtps_c/communication/msg/detail/actuator_cmds__type_support_c.cpp.o\x1b[0m\n'}
[3.003965] (-) TimerEvent: {}
[3.011803] (communication) StdoutLine: {'line': b'[ 65%] \x1b[32mBuilding CXX object CMakeFiles/communication__rosidl_typesupport_fastrtps_c.dir/rosidl_typesupport_fastrtps_c/communication/msg/detail/motion_commands__type_support_c.cpp.o\x1b[0m\n'}
[3.014318] (communication) StdoutLine: {'line': b'[ 65%] Built target communication__rosidl_typesupport_cpp\n'}
[3.036571] (communication) StdoutLine: {'line': b'[ 66%] \x1b[32mBuilding C object CMakeFiles/communication__rosidl_typesupport_introspection_c.dir/rosidl_typesupport_introspection_c/communication/srv/detail/simulation_reset__type_support.c.o\x1b[0m\n'}
[3.046966] (communication) StdoutLine: {'line': b'[ 68%] \x1b[32mBuilding CXX object CMakeFiles/communication__rosidl_typesupport_fastrtps_c.dir/rosidl_typesupport_fastrtps_c/communication/msg/detail/touch_sensor__type_support_c.cpp.o\x1b[0m\n'}
[3.059404] (communication) StdoutLine: {'line': b'[ 69%] \x1b[32mBuilding C object CMakeFiles/communication__rosidl_typesupport_introspection_c.dir/rosidl_typesupport_introspection_c/communication/srv/detail/gait_switch__type_support.c.o\x1b[0m\n'}
[3.067004] (communication) StdoutLine: {'line': b'[ 69%] Built target communication__rosidl_typesupport_c\n'}
[3.080060] (communication) StdoutLine: {'line': b'[ 71%] \x1b[32mBuilding CXX object CMakeFiles/communication__rosidl_typesupport_fastrtps_c.dir/rosidl_typesupport_fastrtps_c/communication/srv/detail/simulation_reset__type_support_c.cpp.o\x1b[0m\n'}
[3.094955] (mujoco_msgs) StdoutLine: {'line': b'[ 74%] Built target mujoco_msgs__py\n'}
[3.104105] (-) TimerEvent: {}
[3.122266] (mujoco_msgs) StdoutLine: {'line': b'[ 77%] \x1b[32mBuilding C object CMakeFiles/mujoco_msgs__rosidl_generator_py.dir/rosidl_generator_py/mujoco_msgs/msg/_control_s.c.o\x1b[0m\n'}
[3.131981] (communication) StdoutLine: {'line': b'[ 73%] \x1b[32mBuilding CXX object CMakeFiles/communication__rosidl_typesupport_fastrtps_c.dir/rosidl_typesupport_fastrtps_c/communication/srv/detail/gait_switch__type_support_c.cpp.o\x1b[0m\n'}
[3.151774] (communication) StdoutLine: {'line': b'[ 74%] \x1b[32m\x1b[1mLinking C shared library libcommunication__rosidl_typesupport_introspection_c.so\x1b[0m\n'}
[3.204213] (-) TimerEvent: {}
[3.211860] (communication) StdoutLine: {'line': b'[ 74%] Built target communication__rosidl_typesupport_introspection_c\n'}
[3.241121] (communication) StdoutLine: {'line': b'[ 76%] \x1b[32m\x1b[1mLinking CXX shared library libcommunication__rosidl_typesupport_introspection_cpp.so\x1b[0m\n'}
[3.304347] (-) TimerEvent: {}
[3.317059] (mujoco_msgs) StdoutLine: {'line': b'[ 80%] \x1b[32m\x1b[1mLinking C shared library rosidl_generator_py/mujoco_msgs/libmujoco_msgs__rosidl_generator_py.so\x1b[0m\n'}
[3.363468] (communication) StdoutLine: {'line': b'[ 76%] Built target communication__rosidl_typesupport_introspection_cpp\n'}
[3.365859] (mujoco_msgs) StdoutLine: {'line': b'[ 80%] Built target mujoco_msgs__rosidl_generator_py\n'}
[3.396768] (mujoco_msgs) StdoutLine: {'line': b'[ 87%] \x1b[32mBuilding C object CMakeFiles/mujoco_msgs__rosidl_typesupport_c__pyext.dir/rosidl_generator_py/mujoco_msgs/_mujoco_msgs_s.ep.rosidl_typesupport_c.c.o\x1b[0m\n'}
[3.396997] (mujoco_msgs) StdoutLine: {'line': b'[ 87%] \x1b[32mBuilding C object CMakeFiles/mujoco_msgs__rosidl_typesupport_introspection_c__pyext.dir/rosidl_generator_py/mujoco_msgs/_mujoco_msgs_s.ep.rosidl_typesupport_introspection_c.c.o\x1b[0m\n'}
[3.404236] (mujoco_msgs) StdoutLine: {'line': b'[ 90%] \x1b[32mBuilding C object CMakeFiles/mujoco_msgs__rosidl_typesupport_fastrtps_c__pyext.dir/rosidl_generator_py/mujoco_msgs/_mujoco_msgs_s.ep.rosidl_typesupport_fastrtps_c.c.o\x1b[0m\n'}
[3.404460] (-) TimerEvent: {}
[3.453786] (communication) StdoutLine: {'line': b'[ 77%] \x1b[32m\x1b[1mLinking CXX shared library libcommunication__rosidl_typesupport_fastrtps_cpp.so\x1b[0m\n'}
[3.490167] (mujoco_msgs) StdoutLine: {'line': b'[ 96%] \x1b[32m\x1b[1mLinking C shared library rosidl_generator_py/mujoco_msgs/mujoco_msgs_s__rosidl_typesupport_c.cpython-310-x86_64-linux-gnu.so\x1b[0m\n'}
[3.490416] (communication) StdoutLine: {'line': b'[ 79%] \x1b[32m\x1b[1mLinking CXX shared library libcommunication__rosidl_typesupport_fastrtps_c.so\x1b[0m\n'}
[3.490509] (mujoco_msgs) StdoutLine: {'line': b'[ 96%] \x1b[32m\x1b[1mLinking C shared library rosidl_generator_py/mujoco_msgs/mujoco_msgs_s__rosidl_typesupport_introspection_c.cpython-310-x86_64-linux-gnu.so\x1b[0m\n'}
[3.504561] (-) TimerEvent: {}
[3.505494] (mujoco_msgs) StdoutLine: {'line': b'[100%] \x1b[32m\x1b[1mLinking C shared library rosidl_generator_py/mujoco_msgs/mujoco_msgs_s__rosidl_typesupport_fastrtps_c.cpython-310-x86_64-linux-gnu.so\x1b[0m\n'}
[3.526731] (mujoco_msgs) StdoutLine: {'line': b'[100%] Built target mujoco_msgs__rosidl_typesupport_c__pyext\n'}
[3.526955] (mujoco_msgs) StdoutLine: {'line': b'[100%] Built target mujoco_msgs__rosidl_typesupport_introspection_c__pyext\n'}
[3.535227] (communication) StdoutLine: {'line': b'[ 79%] Built target communication__rosidl_typesupport_fastrtps_cpp\n'}
[3.542764] (mujoco_msgs) StdoutLine: {'line': b'[100%] Built target mujoco_msgs__rosidl_typesupport_fastrtps_c__pyext\n'}
[3.554348] (mujoco_msgs) CommandEnded: {'returncode': 0}
[3.554912] (mujoco_msgs) JobProgress: {'identifier': 'mujoco_msgs', 'progress': 'install'}
[3.561691] (communication) StdoutLine: {'line': b'[ 79%] Built target communication__rosidl_typesupport_fastrtps_c\n'}
[3.562463] (mujoco_msgs) Command: {'cmd': ['/usr/bin/cmake', '--install', '/workspaces/ros_humble_mujoco_leo/leo/build/mujoco_msgs'], 'cwd': '/workspaces/ros_humble_mujoco_leo/leo/build/mujoco_msgs', 'env': OrderedDict([('PYTHON_BASIC_REPL', '1'), ('HOSTNAME', '90a2fc37cb61'), ('GIT_ASKPASS', '/vscode/vscode-server/bin/linux-x64/b6a47e94e326b5c209d118cf0f994d6065585705/extensions/git/dist/askpass.sh'), ('SHLVL', '2'), ('LD_LIBRARY_PATH', '/usr/lib/x86_64-linux-gnu/gazebo-11/plugins:/opt/ros/humble/opt/rviz_ogre_vendor/lib:/opt/ros/humble/lib/x86_64-linux-gnu:/opt/ros/humble/lib'), ('BROWSER', '/vscode/vscode-server/bin/linux-x64/b6a47e94e326b5c209d118cf0f994d6065585705/bin/helpers/browser.sh'), ('HOME', '/home/devuser'), ('OLDPWD', '/workspaces/ros_humble_mujoco_leo'), ('TERM_PROGRAM_VERSION', '1.109.3'), ('VSCODE_IPC_HOOK_CLI', '/run/user/1000/vscode-ipc-b40a9768-fd22-46bd-aca4-33e71f6db7ef.sock'), ('ROS_PYTHON_VERSION', '3'), ('VSCODE_GIT_ASKPASS_MAIN', '/vscode/vscode-server/bin/linux-x64/b6a47e94e326b5c209d118cf0f994d6065585705/extensions/git/dist/askpass-main.js'), ('VSCODE_GIT_ASKPASS_NODE', '/vscode/vscode-server/bin/linux-x64/b6a47e94e326b5c209d118cf0f994d6065585705/node'), ('PYDEVD_DISABLE_FILE_VALIDATION', '1'), ('BUNDLED_DEBUGPY_PATH', '/home/devuser/.vscode-server/extensions/ms-python.debugpy-2025.18.0-linux-x64/bundled/libs/debugpy'), ('VSCODE_PYTHON_AUTOACTIVATE_GUARD', '1'), ('COLORTERM', 'truecolor'), ('REMOTE_CONTAINERS', 'true'), ('ROS_DISTRO', 'humble'), ('REMOTE_CONTAINERS_IPC', '/tmp/vscode-remote-containers-ipc-ae47200a-172c-4fdc-b85b-553534a262ca.sock'), ('_', '/usr/bin/colcon'), ('ROS_VERSION', '2'), ('NVIDIA_DRIVER_CAPABILITIES', 'all'), ('TERM', 'xterm-256color'), ('ROS_LOCALHOST_ONLY', '0'), ('PATH', '/opt/ros/humble/bin:/home/devuser/.vscode-server/data/User/globalStorage/github.copilot-chat/debugCommand:/home/devuser/.vscode-server/data/User/globalStorage/github.copilot-chat/copilotCli:/vscode/vscode-server/bin/linux-x64/b6a47e94e326b5c209d118cf0f994d6065585705/bin/remote-cli:/usr/local/sbin:/usr/local/bin:/usr/sbin:/usr/bin:/sbin:/bin:/home/devuser/.vscode-server/extensions/ms-python.debugpy-2025.18.0-linux-x64/bundled/scripts/noConfigScripts'), ('XDG_RUNTIME_DIR', '/run/user/1000'), ('REMOTE_CONTAINERS_SOCKETS', '["/tmp/vscode-ssh-auth-ae47200a-172c-4fdc-b85b-553534a262ca.sock","/run/user/1001/gnupg/S.gpg-agent"]'), ('DISPLAY', ':0'), ('VSCODE_DEBUGPY_ADAPTER_ENDPOINTS', '/home/devuser/.vscode-server/extensions/ms-python.debugpy-2025.18.0-linux-x64/.noConfigDebugAdapterEndpoints/endpoint-567088a392697e08.txt'), ('LANG', 'C.UTF-8'), ('PYTHONSTARTUP', '/home/devuser/.vscode-server/data/User/workspaceStorage/1f879e3b6f621ee12491734ba3f165a7/ms-python.python/pythonrc.py'), ('XAUTHORITY', '/root/.Xauthority'), ('LS_COLORS', 'rs=0:di=01;34:ln=01;36:mh=00:pi=40;33:so=01;35:do=01;35:bd=40;33;01:cd=40;33;01:or=40;31;01:mi=00:su=37;41:sg=30;43:ca=30;41:tw=30;42:ow=34;42:st=37;44:ex=01;32:*.tar=01;31:*.tgz=01;31:*.arc=01;31:*.arj=01;31:*.taz=01;31:*.lha=01;31:*.lz4=01;31:*.lzh=01;31:*.lzma=01;31:*.tlz=01;31:*.txz=01;31:*.tzo=01;31:*.t7z=01;31:*.zip=01;31:*.z=01;31:*.dz=01;31:*.gz=01;31:*.lrz=01;31:*.lz=01;31:*.lzo=01;31:*.xz=01;31:*.zst=01;31:*.tzst=01;31:*.bz2=01;31:*.bz=01;31:*.tbz=01;31:*.tbz2=01;31:*.tz=01;31:*.deb=01;31:*.rpm=01;31:*.jar=01;31:*.war=01;31:*.ear=01;31:*.sar=01;31:*.rar=01;31:*.alz=01;31:*.ace=01;31:*.zoo=01;31:*.cpio=01;31:*.7z=01;31:*.rz=01;31:*.cab=01;31:*.wim=01;31:*.swm=01;31:*.dwm=01;31:*.esd=01;31:*.jpg=01;35:*.jpeg=01;35:*.mjpg=01;35:*.mjpeg=01;35:*.gif=01;35:*.bmp=01;35:*.pbm=01;35:*.pgm=01;35:*.ppm=01;35:*.tga=01;35:*.xbm=01;35:*.xpm=01;35:*.tif=01;35:*.tiff=01;35:*.png=01;35:*.svg=01;35:*.svgz=01;35:*.mng=01;35:*.pcx=01;35:*.mov=01;35:*.mpg=01;35:*.mpeg=01;35:*.m2v=01;35:*.mkv=01;35:*.webm=01;35:*.webp=01;35:*.ogm=01;35:*.mp4=01;35:*.m4v=01;35:*.mp4v=01;35:*.vob=01;35:*.qt=01;35:*.nuv=01;35:*.wmv=01;35:*.asf=01;35:*.rm=01;35:*.rmvb=01;35:*.flc=01;35:*.avi=01;35:*.fli=01;35:*.flv=01;35:*.gl=01;35:*.dl=01;35:*.xcf=01;35:*.xwd=01;35:*.yuv=01;35:*.cgm=01;35:*.emf=01;35:*.ogv=01;35:*.ogx=01;35:*.aac=00;36:*.au=00;36:*.flac=00;36:*.m4a=00;36:*.mid=00;36:*.midi=00;36:*.mka=00;36:*.mp3=00;36:*.mpc=00;36:*.ogg=00;36:*.ra=00;36:*.wav=00;36:*.oga=00;36:*.opus=00;36:*.spx=00;36:*.xspf=00;36:'), ('VSCODE_GIT_IPC_HANDLE', '/run/user/1000/vscode-git-0c002ae190.sock'), ('TERM_PROGRAM', 'vscode'), ('SSH_AUTH_SOCK', '/tmp/vscode-ssh-auth-ae47200a-172c-4fdc-b85b-553534a262ca.sock'), ('AMENT_PREFIX_PATH', '/opt/ros/humble'), ('DEBIAN_FRONTEND', 'noninteractive'), ('SHELL', '/bin/bash'), ('VSCODE_GIT_ASKPASS_EXTRA_ARGS', ''), ('PWD', '/workspaces/ros_humble_mujoco_leo/leo/build/mujoco_msgs'), ('LC_ALL', 'C.UTF-8'), ('PYTHONPATH', '/opt/ros/humble/lib/python3.10/site-packages:/opt/ros/humble/local/lib/python3.10/dist-packages'), ('NVIDIA_VISIBLE_DEVICES', 'all'), ('COLCON', '1'), ('CMAKE_PREFIX_PATH', '/opt/ros/humble')]), 'shell': False}
[3.569357] (mujoco_msgs) StdoutLine: {'line': b'-- Install configuration: ""\n'}
[3.569771] (mujoco_msgs) StdoutLine: {'line': b'-- Execute custom install script\n'}
[3.570044] (mujoco_msgs) StdoutLine: {'line': b'-- Symlinking: /workspaces/ros_humble_mujoco_leo/leo/install/mujoco_msgs/share/ament_index/resource_index/rosidl_interfaces/mujoco_msgs\n'}
[3.577935] (mujoco_msgs) StdoutLine: {'line': b'-- Symlinking: /workspaces/ros_humble_mujoco_leo/leo/install/mujoco_msgs/include/mujoco_msgs/mujoco_msgs/msg/control.h\n'}
[3.579041] (communication) StdoutLine: {'line': b'[ 79%] Built target communication\n'}
[3.585377] (mujoco_msgs) StdoutLine: {'line': b'-- Symlinking: /workspaces/ros_humble_mujoco_leo/leo/install/mujoco_msgs/include/mujoco_msgs/mujoco_msgs/msg/detail/control__functions.h\n'}
[3.592675] (mujoco_msgs) StdoutLine: {'line': b'-- Symlinking: /workspaces/ros_humble_mujoco_leo/leo/install/mujoco_msgs/include/mujoco_msgs/mujoco_msgs/msg/detail/control__struct.h\n'}
[3.597359] (communication) StdoutLine: {'line': b'[ 80%] \x1b[34m\x1b[1mGenerating Python code for ROS interfaces\x1b[0m\n'}
[3.599278] (mujoco_msgs) StdoutLine: {'line': b'-- Symlinking: /workspaces/ros_humble_mujoco_leo/leo/install/mujoco_msgs/include/mujoco_msgs/mujoco_msgs/msg/detail/control__type_support.h\n'}
[3.604638] (-) TimerEvent: {}
[3.606935] (mujoco_msgs) StdoutLine: {'line': b'-- Symlinking: /workspaces/ros_humble_mujoco_leo/leo/install/mujoco_msgs/include/mujoco_msgs/mujoco_msgs/msg/rosidl_generator_c__visibility_control.h\n'}
[3.615490] (mujoco_msgs) StdoutLine: {'line': b'-- Symlinking: /workspaces/ros_humble_mujoco_leo/leo/install/mujoco_msgs/share/mujoco_msgs/environment/library_path.sh\n'}
[3.623374] (mujoco_msgs) StdoutLine: {'line': b'-- Symlinking: /workspaces/ros_humble_mujoco_leo/leo/install/mujoco_msgs/share/mujoco_msgs/environment/library_path.dsv\n'}
[3.631573] (mujoco_msgs) StdoutLine: {'line': b'-- Symlinking: /workspaces/ros_humble_mujoco_leo/leo/install/mujoco_msgs/include/mujoco_msgs/mujoco_msgs/msg/detail/control__rosidl_typesupport_fastrtps_c.h\n'}
[3.639130] (mujoco_msgs) StdoutLine: {'line': b'-- Symlinking: /workspaces/ros_humble_mujoco_leo/leo/install/mujoco_msgs/include/mujoco_msgs/mujoco_msgs/msg/rosidl_typesupport_fastrtps_c__visibility_control.h\n'}
[3.647168] (mujoco_msgs) StdoutLine: {'line': b'-- Symlinking: /workspaces/ros_humble_mujoco_leo/leo/install/mujoco_msgs/include/mujoco_msgs/mujoco_msgs/msg/control.hpp\n'}
[3.654558] (mujoco_msgs) StdoutLine: {'line': b'-- Symlinking: /workspaces/ros_humble_mujoco_leo/leo/install/mujoco_msgs/include/mujoco_msgs/mujoco_msgs/msg/detail/control__builder.hpp\n'}
[3.662307] (mujoco_msgs) StdoutLine: {'line': b'-- Symlinking: /workspaces/ros_humble_mujoco_leo/leo/install/mujoco_msgs/include/mujoco_msgs/mujoco_msgs/msg/detail/control__struct.hpp\n'}
[3.670315] (mujoco_msgs) StdoutLine: {'line': b'-- Symlinking: /workspaces/ros_humble_mujoco_leo/leo/install/mujoco_msgs/include/mujoco_msgs/mujoco_msgs/msg/detail/control__traits.hpp\n'}
[3.678556] (mujoco_msgs) StdoutLine: {'line': b'-- Symlinking: /workspaces/ros_humble_mujoco_leo/leo/install/mujoco_msgs/include/mujoco_msgs/mujoco_msgs/msg/detail/control__type_support.hpp\n'}
[3.686380] (mujoco_msgs) StdoutLine: {'line': b'-- Symlinking: /workspaces/ros_humble_mujoco_leo/leo/install/mujoco_msgs/include/mujoco_msgs/mujoco_msgs/msg/rosidl_generator_cpp__visibility_control.hpp\n'}
[3.694031] (mujoco_msgs) StdoutLine: {'line': b'-- Symlinking: /workspaces/ros_humble_mujoco_leo/leo/install/mujoco_msgs/include/mujoco_msgs/mujoco_msgs/msg/detail/control__rosidl_typesupport_fastrtps_cpp.hpp\n'}
[3.701549] (mujoco_msgs) StdoutLine: {'line': b'-- Symlinking: /workspaces/ros_humble_mujoco_leo/leo/install/mujoco_msgs/include/mujoco_msgs/mujoco_msgs/msg/rosidl_typesupport_fastrtps_cpp__visibility_control.h\n'}
[3.704702] (-) TimerEvent: {}
[3.709446] (mujoco_msgs) StdoutLine: {'line': b'-- Symlinking: /workspaces/ros_humble_mujoco_leo/leo/install/mujoco_msgs/include/mujoco_msgs/mujoco_msgs/msg/detail/control__rosidl_typesupport_introspection_c.h\n'}
[3.717549] (mujoco_msgs) StdoutLine: {'line': b'-- Symlinking: /workspaces/ros_humble_mujoco_leo/leo/install/mujoco_msgs/include/mujoco_msgs/mujoco_msgs/msg/rosidl_typesupport_introspection_c__visibility_control.h\n'}
[3.726230] (mujoco_msgs) StdoutLine: {'line': b'-- Symlinking: /workspaces/ros_humble_mujoco_leo/leo/install/mujoco_msgs/include/mujoco_msgs/mujoco_msgs/msg/detail/control__rosidl_typesupport_introspection_cpp.hpp\n'}
[3.734303] (mujoco_msgs) StdoutLine: {'line': b'-- Symlinking: /workspaces/ros_humble_mujoco_leo/leo/install/mujoco_msgs/share/mujoco_msgs/environment/pythonpath.sh\n'}
[3.742052] (mujoco_msgs) StdoutLine: {'line': b'-- Symlinking: /workspaces/ros_humble_mujoco_leo/leo/install/mujoco_msgs/share/mujoco_msgs/environment/pythonpath.dsv\n'}
[3.749609] (mujoco_msgs) StdoutLine: {'line': b'-- Symlinking: /workspaces/ros_humble_mujoco_leo/leo/install/mujoco_msgs/local/lib/python3.10/dist-packages/mujoco_msgs-0.0.0-py3.10.egg-info/PKG-INFO\n'}
[3.756756] (mujoco_msgs) StdoutLine: {'line': b'-- Symlinking: /workspaces/ros_humble_mujoco_leo/leo/install/mujoco_msgs/local/lib/python3.10/dist-packages/mujoco_msgs-0.0.0-py3.10.egg-info/SOURCES.txt\n'}
[3.764018] (mujoco_msgs) StdoutLine: {'line': b'-- Symlinking: /workspaces/ros_humble_mujoco_leo/leo/install/mujoco_msgs/local/lib/python3.10/dist-packages/mujoco_msgs-0.0.0-py3.10.egg-info/dependency_links.txt\n'}
[3.771541] (mujoco_msgs) StdoutLine: {'line': b'-- Symlinking: /workspaces/ros_humble_mujoco_leo/leo/install/mujoco_msgs/local/lib/python3.10/dist-packages/mujoco_msgs-0.0.0-py3.10.egg-info/top_level.txt\n'}
[3.779460] (mujoco_msgs) StdoutLine: {'line': b'-- Symlinking: /workspaces/ros_humble_mujoco_leo/leo/install/mujoco_msgs/local/lib/python3.10/dist-packages/mujoco_msgs/__init__.py\n'}
[3.786878] (mujoco_msgs) StdoutLine: {'line': b'-- Symlinking: /workspaces/ros_humble_mujoco_leo/leo/install/mujoco_msgs/local/lib/python3.10/dist-packages/mujoco_msgs/_mujoco_msgs_s.ep.rosidl_typesupport_c.c\n'}
[3.794203] (mujoco_msgs) StdoutLine: {'line': b'-- Symlinking: /workspaces/ros_humble_mujoco_leo/leo/install/mujoco_msgs/local/lib/python3.10/dist-packages/mujoco_msgs/_mujoco_msgs_s.ep.rosidl_typesupport_fastrtps_c.c\n'}
[3.801355] (mujoco_msgs) StdoutLine: {'line': b'-- Symlinking: /workspaces/ros_humble_mujoco_leo/leo/install/mujoco_msgs/local/lib/python3.10/dist-packages/mujoco_msgs/_mujoco_msgs_s.ep.rosidl_typesupport_introspection_c.c\n'}
[3.804797] (-) TimerEvent: {}
[3.809412] (mujoco_msgs) StdoutLine: {'line': b'-- Symlinking: /workspaces/ros_humble_mujoco_leo/leo/install/mujoco_msgs/local/lib/python3.10/dist-packages/mujoco_msgs/libmujoco_msgs__rosidl_generator_py.so\n'}
[3.819064] (mujoco_msgs) StdoutLine: {'line': b'-- Symlinking: /workspaces/ros_humble_mujoco_leo/leo/install/mujoco_msgs/local/lib/python3.10/dist-packages/mujoco_msgs/msg/__init__.py\n'}
[3.828681] (mujoco_msgs) StdoutLine: {'line': b'-- Symlinking: /workspaces/ros_humble_mujoco_leo/leo/install/mujoco_msgs/local/lib/python3.10/dist-packages/mujoco_msgs/msg/_control.py\n'}
[3.836672] (mujoco_msgs) StdoutLine: {'line': b'-- Symlinking: /workspaces/ros_humble_mujoco_leo/leo/install/mujoco_msgs/local/lib/python3.10/dist-packages/mujoco_msgs/msg/_control_s.c\n'}
[3.844196] (mujoco_msgs) StdoutLine: {'line': b'-- Symlinking: /workspaces/ros_humble_mujoco_leo/leo/install/mujoco_msgs/local/lib/python3.10/dist-packages/mujoco_msgs/mujoco_msgs_s__rosidl_typesupport_c.cpython-310-x86_64-linux-gnu.so\n'}
[3.852067] (mujoco_msgs) StdoutLine: {'line': b'-- Symlinking: /workspaces/ros_humble_mujoco_leo/leo/install/mujoco_msgs/local/lib/python3.10/dist-packages/mujoco_msgs/mujoco_msgs_s__rosidl_typesupport_fastrtps_c.cpython-310-x86_64-linux-gnu.so\n'}
[3.859606] (mujoco_msgs) StdoutLine: {'line': b'-- Symlinking: /workspaces/ros_humble_mujoco_leo/leo/install/mujoco_msgs/local/lib/python3.10/dist-packages/mujoco_msgs/mujoco_msgs_s__rosidl_typesupport_introspection_c.cpython-310-x86_64-linux-gnu.so\n'}
[3.867773] (mujoco_msgs) StdoutLine: {'line': b'-- Up-to-date symlink: /workspaces/ros_humble_mujoco_leo/leo/install/mujoco_msgs/local/lib/python3.10/dist-packages/mujoco_msgs/mujoco_msgs_s__rosidl_typesupport_fastrtps_c.cpython-310-x86_64-linux-gnu.so\n'}
[3.867947] (mujoco_msgs) StdoutLine: {'line': b'-- Up-to-date symlink: /workspaces/ros_humble_mujoco_leo/leo/install/mujoco_msgs/local/lib/python3.10/dist-packages/mujoco_msgs/mujoco_msgs_s__rosidl_typesupport_introspection_c.cpython-310-x86_64-linux-gnu.so\n'}
[3.868143] (mujoco_msgs) StdoutLine: {'line': b'-- Up-to-date symlink: /workspaces/ros_humble_mujoco_leo/leo/install/mujoco_msgs/local/lib/python3.10/dist-packages/mujoco_msgs/mujoco_msgs_s__rosidl_typesupport_c.cpython-310-x86_64-linux-gnu.so\n'}
[3.868297] (mujoco_msgs) StdoutLine: {'line': b'-- Symlinking: /workspaces/ros_humble_mujoco_leo/leo/install/mujoco_msgs/share/mujoco_msgs/msg/Control.idl\n'}
[3.876063] (mujoco_msgs) StdoutLine: {'line': b'-- Symlinking: /workspaces/ros_humble_mujoco_leo/leo/install/mujoco_msgs/share/mujoco_msgs/msg/Control.msg\n'}
[3.883272] (mujoco_msgs) StdoutLine: {'line': b'-- Symlinking: /workspaces/ros_humble_mujoco_leo/leo/install/mujoco_msgs/share/ament_index/resource_index/package_run_dependencies/mujoco_msgs\n'}
[3.890106] (mujoco_msgs) StdoutLine: {'line': b'-- Symlinking: /workspaces/ros_humble_mujoco_leo/leo/install/mujoco_msgs/share/ament_index/resource_index/parent_prefix_path/mujoco_msgs\n'}
[3.896928] (mujoco_msgs) StdoutLine: {'line': b'-- Symlinking: /workspaces/ros_humble_mujoco_leo/leo/install/mujoco_msgs/share/mujoco_msgs/environment/ament_prefix_path.sh\n'}
[3.903862] (mujoco_msgs) StdoutLine: {'line': b'-- Symlinking: /workspaces/ros_humble_mujoco_leo/leo/install/mujoco_msgs/share/mujoco_msgs/environment/ament_prefix_path.dsv\n'}
[3.904855] (-) TimerEvent: {}
[3.910871] (mujoco_msgs) StdoutLine: {'line': b'-- Symlinking: /workspaces/ros_humble_mujoco_leo/leo/install/mujoco_msgs/share/mujoco_msgs/environment/path.sh\n'}
[3.918774] (mujoco_msgs) StdoutLine: {'line': b'-- Symlinking: /workspaces/ros_humble_mujoco_leo/leo/install/mujoco_msgs/share/mujoco_msgs/environment/path.dsv\n'}
[3.926488] (mujoco_msgs) StdoutLine: {'line': b'-- Symlinking: /workspaces/ros_humble_mujoco_leo/leo/install/mujoco_msgs/share/mujoco_msgs/local_setup.bash\n'}
[3.934084] (mujoco_msgs) StdoutLine: {'line': b'-- Symlinking: /workspaces/ros_humble_mujoco_leo/leo/install/mujoco_msgs/share/mujoco_msgs/local_setup.sh\n'}
[3.941347] (mujoco_msgs) StdoutLine: {'line': b'-- Symlinking: /workspaces/ros_humble_mujoco_leo/leo/install/mujoco_msgs/share/mujoco_msgs/local_setup.zsh\n'}
[3.948905] (mujoco_msgs) StdoutLine: {'line': b'-- Symlinking: /workspaces/ros_humble_mujoco_leo/leo/install/mujoco_msgs/share/mujoco_msgs/local_setup.dsv\n'}
[3.956041] (mujoco_msgs) StdoutLine: {'line': b'-- Symlinking: /workspaces/ros_humble_mujoco_leo/leo/install/mujoco_msgs/share/mujoco_msgs/package.dsv\n'}
[3.963099] (mujoco_msgs) StdoutLine: {'line': b'-- Symlinking: /workspaces/ros_humble_mujoco_leo/leo/install/mujoco_msgs/share/ament_index/resource_index/packages/mujoco_msgs\n'}
[3.970787] (mujoco_msgs) StdoutLine: {'line': b'-- Symlinking: /workspaces/ros_humble_mujoco_leo/leo/install/mujoco_msgs/share/mujoco_msgs/cmake/rosidl_cmake-extras.cmake\n'}
[3.977813] (mujoco_msgs) StdoutLine: {'line': b'-- Symlinking: /workspaces/ros_humble_mujoco_leo/leo/install/mujoco_msgs/share/mujoco_msgs/cmake/ament_cmake_export_dependencies-extras.cmake\n'}
[3.984610] (mujoco_msgs) StdoutLine: {'line': b'-- Symlinking: /workspaces/ros_humble_mujoco_leo/leo/install/mujoco_msgs/share/mujoco_msgs/cmake/ament_cmake_export_include_directories-extras.cmake\n'}
[3.991447] (mujoco_msgs) StdoutLine: {'line': b'-- Symlinking: /workspaces/ros_humble_mujoco_leo/leo/install/mujoco_msgs/share/mujoco_msgs/cmake/ament_cmake_export_libraries-extras.cmake\n'}
[3.998858] (mujoco_msgs) StdoutLine: {'line': b'-- Symlinking: /workspaces/ros_humble_mujoco_leo/leo/install/mujoco_msgs/share/mujoco_msgs/cmake/ament_cmake_export_targets-extras.cmake\n'}
[4.004941] (-) TimerEvent: {}
[4.005944] (mujoco_msgs) StdoutLine: {'line': b'-- Symlinking: /workspaces/ros_humble_mujoco_leo/leo/install/mujoco_msgs/share/mujoco_msgs/cmake/rosidl_cmake_export_typesupport_targets-extras.cmake\n'}
[4.013883] (mujoco_msgs) StdoutLine: {'line': b'-- Symlinking: /workspaces/ros_humble_mujoco_leo/leo/install/mujoco_msgs/share/mujoco_msgs/cmake/rosidl_cmake_export_typesupport_libraries-extras.cmake\n'}
[4.022060] (mujoco_msgs) StdoutLine: {'line': b'-- Symlinking: /workspaces/ros_humble_mujoco_leo/leo/install/mujoco_msgs/share/mujoco_msgs/cmake/mujoco_msgsConfig.cmake\n'}
[4.030722] (mujoco_msgs) StdoutLine: {'line': b'-- Symlinking: /workspaces/ros_humble_mujoco_leo/leo/install/mujoco_msgs/share/mujoco_msgs/cmake/mujoco_msgsConfig-version.cmake\n'}
[4.040521] (mujoco_msgs) StdoutLine: {'line': b'-- Symlinking: /workspaces/ros_humble_mujoco_leo/leo/install/mujoco_msgs/share/mujoco_msgs/package.xml\n'}
[4.047978] (mujoco_msgs) StdoutLine: {'line': b'-- Installing: /workspaces/ros_humble_mujoco_leo/leo/install/mujoco_msgs/lib/libmujoco_msgs__rosidl_generator_c.so\n'}
[4.048316] (mujoco_msgs) StdoutLine: {'line': b'-- Set runtime path of "/workspaces/ros_humble_mujoco_leo/leo/install/mujoco_msgs/lib/libmujoco_msgs__rosidl_generator_c.so" to ""\n'}
[4.048404] (mujoco_msgs) StdoutLine: {'line': b'-- Installing: /workspaces/ros_humble_mujoco_leo/leo/install/mujoco_msgs/lib/libmujoco_msgs__rosidl_typesupport_fastrtps_c.so\n'}
[4.048720] (mujoco_msgs) StdoutLine: {'line': b'-- Set runtime path of "/workspaces/ros_humble_mujoco_leo/leo/install/mujoco_msgs/lib/libmujoco_msgs__rosidl_typesupport_fastrtps_c.so" to ""\n'}
[4.048810] (mujoco_msgs) StdoutLine: {'line': b'-- Installing: /workspaces/ros_humble_mujoco_leo/leo/install/mujoco_msgs/lib/libmujoco_msgs__rosidl_typesupport_fastrtps_cpp.so\n'}
[4.049138] (mujoco_msgs) StdoutLine: {'line': b'-- Set runtime path of "/workspaces/ros_humble_mujoco_leo/leo/install/mujoco_msgs/lib/libmujoco_msgs__rosidl_typesupport_fastrtps_cpp.so" to ""\n'}
[4.049211] (mujoco_msgs) StdoutLine: {'line': b'-- Installing: /workspaces/ros_humble_mujoco_leo/leo/install/mujoco_msgs/lib/libmujoco_msgs__rosidl_typesupport_introspection_c.so\n'}
[4.049523] (mujoco_msgs) StdoutLine: {'line': b'-- Set runtime path of "/workspaces/ros_humble_mujoco_leo/leo/install/mujoco_msgs/lib/libmujoco_msgs__rosidl_typesupport_introspection_c.so" to ""\n'}
[4.049600] (mujoco_msgs) StdoutLine: {'line': b'-- Installing: /workspaces/ros_humble_mujoco_leo/leo/install/mujoco_msgs/lib/libmujoco_msgs__rosidl_typesupport_c.so\n'}
[4.049894] (mujoco_msgs) StdoutLine: {'line': b'-- Set runtime path of "/workspaces/ros_humble_mujoco_leo/leo/install/mujoco_msgs/lib/libmujoco_msgs__rosidl_typesupport_c.so" to ""\n'}
[4.049965] (mujoco_msgs) StdoutLine: {'line': b'-- Installing: /workspaces/ros_humble_mujoco_leo/leo/install/mujoco_msgs/lib/libmujoco_msgs__rosidl_typesupport_introspection_cpp.so\n'}
[4.050308] (mujoco_msgs) StdoutLine: {'line': b'-- Set runtime path of "/workspaces/ros_humble_mujoco_leo/leo/install/mujoco_msgs/lib/libmujoco_msgs__rosidl_typesupport_introspection_cpp.so" to ""\n'}
[4.050377] (mujoco_msgs) StdoutLine: {'line': b'-- Installing: /workspaces/ros_humble_mujoco_leo/leo/install/mujoco_msgs/lib/libmujoco_msgs__rosidl_typesupport_cpp.so\n'}
[4.050684] (mujoco_msgs) StdoutLine: {'line': b'-- Set runtime path of "/workspaces/ros_humble_mujoco_leo/leo/install/mujoco_msgs/lib/libmujoco_msgs__rosidl_typesupport_cpp.so" to ""\n'}
[4.078142] (mujoco_msgs) StdoutLine: {'line': b"Listing '/workspaces/ros_humble_mujoco_leo/leo/install/mujoco_msgs/local/lib/python3.10/dist-packages/mujoco_msgs'...\n"}
[4.078285] (mujoco_msgs) StdoutLine: {'line': b"Compiling '/workspaces/ros_humble_mujoco_leo/leo/install/mujoco_msgs/local/lib/python3.10/dist-packages/mujoco_msgs/__init__.py'...\n"}
[4.078342] (mujoco_msgs) StdoutLine: {'line': b"Listing '/workspaces/ros_humble_mujoco_leo/leo/install/mujoco_msgs/local/lib/python3.10/dist-packages/mujoco_msgs/msg'...\n"}
[4.078401] (mujoco_msgs) StdoutLine: {'line': b"Compiling '/workspaces/ros_humble_mujoco_leo/leo/install/mujoco_msgs/local/lib/python3.10/dist-packages/mujoco_msgs/msg/__init__.py'...\n"}
[4.078449] (mujoco_msgs) StdoutLine: {'line': b"Compiling '/workspaces/ros_humble_mujoco_leo/leo/install/mujoco_msgs/local/lib/python3.10/dist-packages/mujoco_msgs/msg/_control.py'...\n"}
[4.081292] (mujoco_msgs) StdoutLine: {'line': b'-- Installing: /workspaces/ros_humble_mujoco_leo/leo/install/mujoco_msgs/lib/libmujoco_msgs__rosidl_generator_py.so\n'}
[4.081768] (mujoco_msgs) StdoutLine: {'line': b'-- Set runtime path of "/workspaces/ros_humble_mujoco_leo/leo/install/mujoco_msgs/lib/libmujoco_msgs__rosidl_generator_py.so" to ""\n'}
[4.081908] (mujoco_msgs) StdoutLine: {'line': b'-- Installing: /workspaces/ros_humble_mujoco_leo/leo/install/mujoco_msgs/share/mujoco_msgs/cmake/export_mujoco_msgs__rosidl_generator_cExport.cmake\n'}
[4.082054] (mujoco_msgs) StdoutLine: {'line': b'-- Installing: /workspaces/ros_humble_mujoco_leo/leo/install/mujoco_msgs/share/mujoco_msgs/cmake/export_mujoco_msgs__rosidl_generator_cExport-noconfig.cmake\n'}
[4.082327] (mujoco_msgs) StdoutLine: {'line': b'-- Installing: /workspaces/ros_humble_mujoco_leo/leo/install/mujoco_msgs/share/mujoco_msgs/cmake/export_mujoco_msgs__rosidl_typesupport_fastrtps_cExport.cmake\n'}
[4.082541] (mujoco_msgs) StdoutLine: {'line': b'-- Installing: /workspaces/ros_humble_mujoco_leo/leo/install/mujoco_msgs/share/mujoco_msgs/cmake/export_mujoco_msgs__rosidl_typesupport_fastrtps_cExport-noconfig.cmake\n'}
[4.082727] (mujoco_msgs) StdoutLine: {'line': b'-- Installing: /workspaces/ros_humble_mujoco_leo/leo/install/mujoco_msgs/share/mujoco_msgs/cmake/export_mujoco_msgs__rosidl_generator_cppExport.cmake\n'}
[4.082879] (mujoco_msgs) StdoutLine: {'line': b'-- Installing: /workspaces/ros_humble_mujoco_leo/leo/install/mujoco_msgs/share/mujoco_msgs/cmake/export_mujoco_msgs__rosidl_typesupport_fastrtps_cppExport.cmake\n'}
[4.083051] (mujoco_msgs) StdoutLine: {'line': b'-- Installing: /workspaces/ros_humble_mujoco_leo/leo/install/mujoco_msgs/share/mujoco_msgs/cmake/export_mujoco_msgs__rosidl_typesupport_fastrtps_cppExport-noconfig.cmake\n'}
[4.083218] (mujoco_msgs) StdoutLine: {'line': b'-- Installing: /workspaces/ros_humble_mujoco_leo/leo/install/mujoco_msgs/share/mujoco_msgs/cmake/mujoco_msgs__rosidl_typesupport_introspection_cExport.cmake\n'}
[4.083369] (mujoco_msgs) StdoutLine: {'line': b'-- Installing: /workspaces/ros_humble_mujoco_leo/leo/install/mujoco_msgs/share/mujoco_msgs/cmake/mujoco_msgs__rosidl_typesupport_introspection_cExport-noconfig.cmake\n'}
[4.083532] (mujoco_msgs) StdoutLine: {'line': b'-- Installing: /workspaces/ros_humble_mujoco_leo/leo/install/mujoco_msgs/share/mujoco_msgs/cmake/mujoco_msgs__rosidl_typesupport_cExport.cmake\n'}
[4.083691] (mujoco_msgs) StdoutLine: {'line': b'-- Installing: /workspaces/ros_humble_mujoco_leo/leo/install/mujoco_msgs/share/mujoco_msgs/cmake/mujoco_msgs__rosidl_typesupport_cExport-noconfig.cmake\n'}
[4.083862] (mujoco_msgs) StdoutLine: {'line': b'-- Installing: /workspaces/ros_humble_mujoco_leo/leo/install/mujoco_msgs/share/mujoco_msgs/cmake/mujoco_msgs__rosidl_typesupport_introspection_cppExport.cmake\n'}
[4.084025] (mujoco_msgs) StdoutLine: {'line': b'-- Installing: /workspaces/ros_humble_mujoco_leo/leo/install/mujoco_msgs/share/mujoco_msgs/cmake/mujoco_msgs__rosidl_typesupport_introspection_cppExport-noconfig.cmake\n'}
[4.084204] (mujoco_msgs) StdoutLine: {'line': b'-- Installing: /workspaces/ros_humble_mujoco_leo/leo/install/mujoco_msgs/share/mujoco_msgs/cmake/mujoco_msgs__rosidl_typesupport_cppExport.cmake\n'}
[4.084369] (mujoco_msgs) StdoutLine: {'line': b'-- Installing: /workspaces/ros_humble_mujoco_leo/leo/install/mujoco_msgs/share/mujoco_msgs/cmake/mujoco_msgs__rosidl_typesupport_cppExport-noconfig.cmake\n'}
[4.084535] (mujoco_msgs) StdoutLine: {'line': b'-- Installing: /workspaces/ros_humble_mujoco_leo/leo/install/mujoco_msgs/share/mujoco_msgs/cmake/export_mujoco_msgs__rosidl_generator_pyExport.cmake\n'}
[4.084729] (mujoco_msgs) StdoutLine: {'line': b'-- Installing: /workspaces/ros_humble_mujoco_leo/leo/install/mujoco_msgs/share/mujoco_msgs/cmake/export_mujoco_msgs__rosidl_generator_pyExport-noconfig.cmake\n'}
[4.086672] (mujoco_msgs) CommandEnded: {'returncode': 0}
[4.105128] (-) TimerEvent: {}
[4.105902] (mujoco_msgs) JobEnded: {'identifier': 'mujoco_msgs', 'rc': 0}
[4.106304] (aerial_system_mujoco) JobStarted: {'identifier': 'aerial_system_mujoco'}
[4.172043] (communication) StdoutLine: {'line': b'[ 80%] Built target communication__py\n'}
[4.189774] (communication) StdoutLine: {'line': b'[ 85%] \x1b[32mBuilding C object CMakeFiles/communication__rosidl_generator_py.dir/rosidl_generator_py/communication/msg/_motion_commands_s.c.o\x1b[0m\n'}
[4.189976] (communication) StdoutLine: {'line': b'[ 85%] \x1b[32mBuilding C object CMakeFiles/communication__rosidl_generator_py.dir/rosidl_generator_py/communication/msg/_touch_sensor_s.c.o\x1b[0m\n'}
[4.190062] (communication) StdoutLine: {'line': b'[ 85%] \x1b[32mBuilding C object CMakeFiles/communication__rosidl_generator_py.dir/rosidl_generator_py/communication/msg/_actuator_cmds_s.c.o\x1b[0m\n'}
[4.190133] (communication) StdoutLine: {'line': b'[ 87%] \x1b[32mBuilding C object CMakeFiles/communication__rosidl_generator_py.dir/rosidl_generator_py/communication/srv/_simulation_reset_s.c.o\x1b[0m\n'}
[4.190234] (communication) StdoutLine: {'line': b'[ 88%] \x1b[32mBuilding C object CMakeFiles/communication__rosidl_generator_py.dir/rosidl_generator_py/communication/srv/_gait_switch_s.c.o\x1b[0m\n'}
[4.205224] (-) TimerEvent: {}
[4.296262] (communication) StdoutLine: {'line': b'[ 90%] \x1b[32m\x1b[1mLinking C shared library rosidl_generator_py/communication/libcommunication__rosidl_generator_py.so\x1b[0m\n'}
[4.305296] (-) TimerEvent: {}
[4.335184] (communication) StdoutLine: {'line': b'[ 90%] Built target communication__rosidl_generator_py\n'}
[4.353286] (communication) StdoutLine: {'line': b'[ 95%] \x1b[32mBuilding C object CMakeFiles/communication__rosidl_typesupport_introspection_c__pyext.dir/rosidl_generator_py/communication/_communication_s.ep.rosidl_typesupport_introspection_c.c.o\x1b[0m\n'}
[4.353461] (communication) StdoutLine: {'line': b'[ 95%] \x1b[32mBuilding C object CMakeFiles/communication__rosidl_typesupport_c__pyext.dir/rosidl_generator_py/communication/_communication_s.ep.rosidl_typesupport_c.c.o\x1b[0m\n'}
[4.353542] (communication) StdoutLine: {'line': b'[ 95%] \x1b[32mBuilding C object CMakeFiles/communication__rosidl_typesupport_fastrtps_c__pyext.dir/rosidl_generator_py/communication/_communication_s.ep.rosidl_typesupport_fastrtps_c.c.o\x1b[0m\n'}
[4.405414] (-) TimerEvent: {}
[4.452573] (communication) StdoutLine: {'line': b'[ 98%] \x1b[32m\x1b[1mLinking C shared library rosidl_generator_py/communication/communication_s__rosidl_typesupport_c.cpython-310-x86_64-linux-gnu.so\x1b[0m\n'}
[4.452763] (communication) StdoutLine: {'line': b'[ 98%] \x1b[32m\x1b[1mLinking C shared library rosidl_generator_py/communication/communication_s__rosidl_typesupport_introspection_c.cpython-310-x86_64-linux-gnu.so\x1b[0m\n'}
[4.457396] (communication) StdoutLine: {'line': b'[100%] \x1b[32m\x1b[1mLinking C shared library rosidl_generator_py/communication/communication_s__rosidl_typesupport_fastrtps_c.cpython-310-x86_64-linux-gnu.so\x1b[0m\n'}
[4.490189] (communication) StdoutLine: {'line': b'[100%] Built target communication__rosidl_typesupport_c__pyext\n'}
[4.490366] (communication) StdoutLine: {'line': b'[100%] Built target communication__rosidl_typesupport_introspection_c__pyext\n'}
[4.497300] (communication) StdoutLine: {'line': b'[100%] Built target communication__rosidl_typesupport_fastrtps_c__pyext\n'}
[4.505478] (-) TimerEvent: {}
[4.507914] (communication) CommandEnded: {'returncode': 0}
[4.508497] (communication) JobProgress: {'identifier': 'communication', 'progress': 'install'}
[4.508667] (communication) Command: {'cmd': ['/usr/bin/cmake', '--install', '/workspaces/ros_humble_mujoco_leo/leo/build/communication'], 'cwd': '/workspaces/ros_humble_mujoco_leo/leo/build/communication', 'env': OrderedDict([('PYTHON_BASIC_REPL', '1'), ('HOSTNAME', '90a2fc37cb61'), ('GIT_ASKPASS', '/vscode/vscode-server/bin/linux-x64/b6a47e94e326b5c209d118cf0f994d6065585705/extensions/git/dist/askpass.sh'), ('SHLVL', '2'), ('LD_LIBRARY_PATH', '/usr/lib/x86_64-linux-gnu/gazebo-11/plugins:/opt/ros/humble/opt/rviz_ogre_vendor/lib:/opt/ros/humble/lib/x86_64-linux-gnu:/opt/ros/humble/lib'), ('BROWSER', '/vscode/vscode-server/bin/linux-x64/b6a47e94e326b5c209d118cf0f994d6065585705/bin/helpers/browser.sh'), ('HOME', '/home/devuser'), ('OLDPWD', '/workspaces/ros_humble_mujoco_leo'), ('TERM_PROGRAM_VERSION', '1.109.3'), ('VSCODE_IPC_HOOK_CLI', '/run/user/1000/vscode-ipc-b40a9768-fd22-46bd-aca4-33e71f6db7ef.sock'), ('ROS_PYTHON_VERSION', '3'), ('VSCODE_GIT_ASKPASS_MAIN', '/vscode/vscode-server/bin/linux-x64/b6a47e94e326b5c209d118cf0f994d6065585705/extensions/git/dist/askpass-main.js'), ('VSCODE_GIT_ASKPASS_NODE', '/vscode/vscode-server/bin/linux-x64/b6a47e94e326b5c209d118cf0f994d6065585705/node'), ('PYDEVD_DISABLE_FILE_VALIDATION', '1'), ('BUNDLED_DEBUGPY_PATH', '/home/devuser/.vscode-server/extensions/ms-python.debugpy-2025.18.0-linux-x64/bundled/libs/debugpy'), ('VSCODE_PYTHON_AUTOACTIVATE_GUARD', '1'), ('COLORTERM', 'truecolor'), ('REMOTE_CONTAINERS', 'true'), ('ROS_DISTRO', 'humble'), ('REMOTE_CONTAINERS_IPC', '/tmp/vscode-remote-containers-ipc-ae47200a-172c-4fdc-b85b-553534a262ca.sock'), ('_', '/usr/bin/colcon'), ('ROS_VERSION', '2'), ('NVIDIA_DRIVER_CAPABILITIES', 'all'), ('TERM', 'xterm-256color'), ('ROS_LOCALHOST_ONLY', '0'), ('PATH', '/opt/ros/humble/bin:/home/devuser/.vscode-server/data/User/globalStorage/github.copilot-chat/debugCommand:/home/devuser/.vscode-server/data/User/globalStorage/github.copilot-chat/copilotCli:/vscode/vscode-server/bin/linux-x64/b6a47e94e326b5c209d118cf0f994d6065585705/bin/remote-cli:/usr/local/sbin:/usr/local/bin:/usr/sbin:/usr/bin:/sbin:/bin:/home/devuser/.vscode-server/extensions/ms-python.debugpy-2025.18.0-linux-x64/bundled/scripts/noConfigScripts'), ('XDG_RUNTIME_DIR', '/run/user/1000'), ('REMOTE_CONTAINERS_SOCKETS', '["/tmp/vscode-ssh-auth-ae47200a-172c-4fdc-b85b-553534a262ca.sock","/run/user/1001/gnupg/S.gpg-agent"]'), ('DISPLAY', ':0'), ('VSCODE_DEBUGPY_ADAPTER_ENDPOINTS', '/home/devuser/.vscode-server/extensions/ms-python.debugpy-2025.18.0-linux-x64/.noConfigDebugAdapterEndpoints/endpoint-567088a392697e08.txt'), ('LANG', 'C.UTF-8'), ('PYTHONSTARTUP', '/home/devuser/.vscode-server/data/User/workspaceStorage/1f879e3b6f621ee12491734ba3f165a7/ms-python.python/pythonrc.py'), ('XAUTHORITY', '/root/.Xauthority'), ('LS_COLORS', 'rs=0:di=01;34:ln=01;36:mh=00:pi=40;33:so=01;35:do=01;35:bd=40;33;01:cd=40;33;01:or=40;31;01:mi=00:su=37;41:sg=30;43:ca=30;41:tw=30;42:ow=34;42:st=37;44:ex=01;32:*.tar=01;31:*.tgz=01;31:*.arc=01;31:*.arj=01;31:*.taz=01;31:*.lha=01;31:*.lz4=01;31:*.lzh=01;31:*.lzma=01;31:*.tlz=01;31:*.txz=01;31:*.tzo=01;31:*.t7z=01;31:*.zip=01;31:*.z=01;31:*.dz=01;31:*.gz=01;31:*.lrz=01;31:*.lz=01;31:*.lzo=01;31:*.xz=01;31:*.zst=01;31:*.tzst=01;31:*.bz2=01;31:*.bz=01;31:*.tbz=01;31:*.tbz2=01;31:*.tz=01;31:*.deb=01;31:*.rpm=01;31:*.jar=01;31:*.war=01;31:*.ear=01;31:*.sar=01;31:*.rar=01;31:*.alz=01;31:*.ace=01;31:*.zoo=01;31:*.cpio=01;31:*.7z=01;31:*.rz=01;31:*.cab=01;31:*.wim=01;31:*.swm=01;31:*.dwm=01;31:*.esd=01;31:*.jpg=01;35:*.jpeg=01;35:*.mjpg=01;35:*.mjpeg=01;35:*.gif=01;35:*.bmp=01;35:*.pbm=01;35:*.pgm=01;35:*.ppm=01;35:*.tga=01;35:*.xbm=01;35:*.xpm=01;35:*.tif=01;35:*.tiff=01;35:*.png=01;35:*.svg=01;35:*.svgz=01;35:*.mng=01;35:*.pcx=01;35:*.mov=01;35:*.mpg=01;35:*.mpeg=01;35:*.m2v=01;35:*.mkv=01;35:*.webm=01;35:*.webp=01;35:*.ogm=01;35:*.mp4=01;35:*.m4v=01;35:*.mp4v=01;35:*.vob=01;35:*.qt=01;35:*.nuv=01;35:*.wmv=01;35:*.asf=01;35:*.rm=01;35:*.rmvb=01;35:*.flc=01;35:*.avi=01;35:*.fli=01;35:*.flv=01;35:*.gl=01;35:*.dl=01;35:*.xcf=01;35:*.xwd=01;35:*.yuv=01;35:*.cgm=01;35:*.emf=01;35:*.ogv=01;35:*.ogx=01;35:*.aac=00;36:*.au=00;36:*.flac=00;36:*.m4a=00;36:*.mid=00;36:*.midi=00;36:*.mka=00;36:*.mp3=00;36:*.mpc=00;36:*.ogg=00;36:*.ra=00;36:*.wav=00;36:*.oga=00;36:*.opus=00;36:*.spx=00;36:*.xspf=00;36:'), ('VSCODE_GIT_IPC_HANDLE', '/run/user/1000/vscode-git-0c002ae190.sock'), ('TERM_PROGRAM', 'vscode'), ('SSH_AUTH_SOCK', '/tmp/vscode-ssh-auth-ae47200a-172c-4fdc-b85b-553534a262ca.sock'), ('AMENT_PREFIX_PATH', '/opt/ros/humble'), ('DEBIAN_FRONTEND', 'noninteractive'), ('SHELL', '/bin/bash'), ('VSCODE_GIT_ASKPASS_EXTRA_ARGS', ''), ('PWD', '/workspaces/ros_humble_mujoco_leo/leo/build/communication'), ('LC_ALL', 'C.UTF-8'), ('PYTHONPATH', '/opt/ros/humble/lib/python3.10/site-packages:/opt/ros/humble/local/lib/python3.10/dist-packages'), ('NVIDIA_VISIBLE_DEVICES', 'all'), ('COLCON', '1'), ('CMAKE_PREFIX_PATH', '/opt/ros/humble')]), 'shell': False}
[4.515792] (communication) StdoutLine: {'line': b'-- Install configuration: ""\n'}
[4.516235] (communication) StdoutLine: {'line': b'-- Execute custom install script\n'}
[4.516500] (communication) StdoutLine: {'line': b'-- Symlinking: /workspaces/ros_humble_mujoco_leo/leo/install/communication/share/ament_index/resource_index/rosidl_interfaces/communication\n'}
[4.525609] (communication) StdoutLine: {'line': b'-- Symlinking: /workspaces/ros_humble_mujoco_leo/leo/install/communication/include/communication/communication/msg/actuator_cmds.h\n'}
[4.533182] (communication) StdoutLine: {'line': b'-- Symlinking: /workspaces/ros_humble_mujoco_leo/leo/install/communication/include/communication/communication/msg/detail/actuator_cmds__functions.h\n'}
[4.540744] (communication) StdoutLine: {'line': b'-- Symlinking: /workspaces/ros_humble_mujoco_leo/leo/install/communication/include/communication/communication/msg/detail/actuator_cmds__struct.h\n'}
[4.548952] (communication) StdoutLine: {'line': b'-- Symlinking: /workspaces/ros_humble_mujoco_leo/leo/install/communication/include/communication/communication/msg/detail/actuator_cmds__type_support.h\n'}
[4.556857] (communication) StdoutLine: {'line': b'-- Symlinking: /workspaces/ros_humble_mujoco_leo/leo/install/communication/include/communication/communication/msg/detail/motion_commands__functions.h\n'}
[4.564624] (communication) StdoutLine: {'line': b'-- Symlinking: /workspaces/ros_humble_mujoco_leo/leo/install/communication/include/communication/communication/msg/detail/motion_commands__struct.h\n'}
[4.572372] (communication) StdoutLine: {'line': b'-- Symlinking: /workspaces/ros_humble_mujoco_leo/leo/install/communication/include/communication/communication/msg/detail/motion_commands__type_support.h\n'}
[4.579980] (communication) StdoutLine: {'line': b'-- Symlinking: /workspaces/ros_humble_mujoco_leo/leo/install/communication/include/communication/communication/msg/detail/touch_sensor__functions.h\n'}
[4.588612] (communication) StdoutLine: {'line': b'-- Symlinking: /workspaces/ros_humble_mujoco_leo/leo/install/communication/include/communication/communication/msg/detail/touch_sensor__struct.h\n'}
[4.596291] (communication) StdoutLine: {'line': b'-- Symlinking: /workspaces/ros_humble_mujoco_leo/leo/install/communication/include/communication/communication/msg/detail/touch_sensor__type_support.h\n'}
[4.603813] (communication) StdoutLine: {'line': b'-- Symlinking: /workspaces/ros_humble_mujoco_leo/leo/install/communication/include/communication/communication/msg/motion_commands.h\n'}
[4.605537] (-) TimerEvent: {}
[4.611646] (communication) StdoutLine: {'line': b'-- Symlinking: /workspaces/ros_humble_mujoco_leo/leo/install/communication/include/communication/communication/msg/rosidl_generator_c__visibility_control.h\n'}
[4.619461] (communication) StdoutLine: {'line': b'-- Symlinking: /workspaces/ros_humble_mujoco_leo/leo/install/communication/include/communication/communication/msg/touch_sensor.h\n'}
[4.627788] (communication) StdoutLine: {'line': b'-- Symlinking: /workspaces/ros_humble_mujoco_leo/leo/install/communication/include/communication/communication/srv/detail/gait_switch__functions.h\n'}
[4.635484] (communication) StdoutLine: {'line': b'-- Symlinking: /workspaces/ros_humble_mujoco_leo/leo/install/communication/include/communication/communication/srv/detail/gait_switch__struct.h\n'}
[4.637324] (aerial_system_mujoco) Command: {'cmd': ['/usr/bin/python3', '-W', 'ignore:setup.py install is deprecated', '-W', 'ignore:easy_install command is deprecated', 'setup.py', 'develop', '--editable', '--build-directory', '/workspaces/ros_humble_mujoco_leo/leo/build/aerial_system_mujoco/build', '--no-deps', 'symlink_data'], 'cwd': '/workspaces/ros_humble_mujoco_leo/leo/build/aerial_system_mujoco', 'env': {'PYTHON_BASIC_REPL': '1', 'HOSTNAME': '90a2fc37cb61', 'GIT_ASKPASS': '/vscode/vscode-server/bin/linux-x64/b6a47e94e326b5c209d118cf0f994d6065585705/extensions/git/dist/askpass.sh', 'SHLVL': '2', 'LD_LIBRARY_PATH': '/workspaces/ros_humble_mujoco_leo/leo/install/mujoco_msgs/lib:/usr/lib/x86_64-linux-gnu/gazebo-11/plugins:/opt/ros/humble/opt/rviz_ogre_vendor/lib:/opt/ros/humble/lib/x86_64-linux-gnu:/opt/ros/humble/lib', 'BROWSER': '/vscode/vscode-server/bin/linux-x64/b6a47e94e326b5c209d118cf0f994d6065585705/bin/helpers/browser.sh', 'HOME': '/home/devuser', 'OLDPWD': '/workspaces/ros_humble_mujoco_leo', 'TERM_PROGRAM_VERSION': '1.109.3', 'VSCODE_IPC_HOOK_CLI': '/run/user/1000/vscode-ipc-b40a9768-fd22-46bd-aca4-33e71f6db7ef.sock', 'ROS_PYTHON_VERSION': '3', 'VSCODE_GIT_ASKPASS_MAIN': '/vscode/vscode-server/bin/linux-x64/b6a47e94e326b5c209d118cf0f994d6065585705/extensions/git/dist/askpass-main.js', 'VSCODE_GIT_ASKPASS_NODE': '/vscode/vscode-server/bin/linux-x64/b6a47e94e326b5c209d118cf0f994d6065585705/node', 'PYDEVD_DISABLE_FILE_VALIDATION': '1', 'BUNDLED_DEBUGPY_PATH': '/home/devuser/.vscode-server/extensions/ms-python.debugpy-2025.18.0-linux-x64/bundled/libs/debugpy', 'VSCODE_PYTHON_AUTOACTIVATE_GUARD': '1', 'COLORTERM': 'truecolor', 'REMOTE_CONTAINERS': 'true', 'ROS_DISTRO': 'humble', 'REMOTE_CONTAINERS_IPC': '/tmp/vscode-remote-containers-ipc-ae47200a-172c-4fdc-b85b-553534a262ca.sock', '_': '/usr/bin/colcon', 'ROS_VERSION': '2', 'NVIDIA_DRIVER_CAPABILITIES': 'all', 'TERM': 'xterm-256color', 'ROS_LOCALHOST_ONLY': '0', 'PATH': '/opt/ros/humble/bin:/home/devuser/.vscode-server/data/User/globalStorage/github.copilot-chat/debugCommand:/home/devuser/.vscode-server/data/User/globalStorage/github.copilot-chat/copilotCli:/vscode/vscode-server/bin/linux-x64/b6a47e94e326b5c209d118cf0f994d6065585705/bin/remote-cli:/usr/local/sbin:/usr/local/bin:/usr/sbin:/usr/bin:/sbin:/bin:/home/devuser/.vscode-server/extensions/ms-python.debugpy-2025.18.0-linux-x64/bundled/scripts/noConfigScripts', 'XDG_RUNTIME_DIR': '/run/user/1000', 'REMOTE_CONTAINERS_SOCKETS': '["/tmp/vscode-ssh-auth-ae47200a-172c-4fdc-b85b-553534a262ca.sock","/run/user/1001/gnupg/S.gpg-agent"]', 'DISPLAY': ':0', 'VSCODE_DEBUGPY_ADAPTER_ENDPOINTS': '/home/devuser/.vscode-server/extensions/ms-python.debugpy-2025.18.0-linux-x64/.noConfigDebugAdapterEndpoints/endpoint-567088a392697e08.txt', 'LANG': 'C.UTF-8', 'PYTHONSTARTUP': '/home/devuser/.vscode-server/data/User/workspaceStorage/1f879e3b6f621ee12491734ba3f165a7/ms-python.python/pythonrc.py', 'XAUTHORITY': '/root/.Xauthority', 'LS_COLORS': 'rs=0:di=01;34:ln=01;36:mh=00:pi=40;33:so=01;35:do=01;35:bd=40;33;01:cd=40;33;01:or=40;31;01:mi=00:su=37;41:sg=30;43:ca=30;41:tw=30;42:ow=34;42:st=37;44:ex=01;32:*.tar=01;31:*.tgz=01;31:*.arc=01;31:*.arj=01;31:*.taz=01;31:*.lha=01;31:*.lz4=01;31:*.lzh=01;31:*.lzma=01;31:*.tlz=01;31:*.txz=01;31:*.tzo=01;31:*.t7z=01;31:*.zip=01;31:*.z=01;31:*.dz=01;31:*.gz=01;31:*.lrz=01;31:*.lz=01;31:*.lzo=01;31:*.xz=01;31:*.zst=01;31:*.tzst=01;31:*.bz2=01;31:*.bz=01;31:*.tbz=01;31:*.tbz2=01;31:*.tz=01;31:*.deb=01;31:*.rpm=01;31:*.jar=01;31:*.war=01;31:*.ear=01;31:*.sar=01;31:*.rar=01;31:*.alz=01;31:*.ace=01;31:*.zoo=01;31:*.cpio=01;31:*.7z=01;31:*.rz=01;31:*.cab=01;31:*.wim=01;31:*.swm=01;31:*.dwm=01;31:*.esd=01;31:*.jpg=01;35:*.jpeg=01;35:*.mjpg=01;35:*.mjpeg=01;35:*.gif=01;35:*.bmp=01;35:*.pbm=01;35:*.pgm=01;35:*.ppm=01;35:*.tga=01;35:*.xbm=01;35:*.xpm=01;35:*.tif=01;35:*.tiff=01;35:*.png=01;35:*.svg=01;35:*.svgz=01;35:*.mng=01;35:*.pcx=01;35:*.mov=01;35:*.mpg=01;35:*.mpeg=01;35:*.m2v=01;35:*.mkv=01;35:*.webm=01;35:*.webp=01;35:*.ogm=01;35:*.mp4=01;35:*.m4v=01;35:*.mp4v=01;35:*.vob=01;35:*.qt=01;35:*.nuv=01;35:*.wmv=01;35:*.asf=01;35:*.rm=01;35:*.rmvb=01;35:*.flc=01;35:*.avi=01;35:*.fli=01;35:*.flv=01;35:*.gl=01;35:*.dl=01;35:*.xcf=01;35:*.xwd=01;35:*.yuv=01;35:*.cgm=01;35:*.emf=01;35:*.ogv=01;35:*.ogx=01;35:*.aac=00;36:*.au=00;36:*.flac=00;36:*.m4a=00;36:*.mid=00;36:*.midi=00;36:*.mka=00;36:*.mp3=00;36:*.mpc=00;36:*.ogg=00;36:*.ra=00;36:*.wav=00;36:*.oga=00;36:*.opus=00;36:*.spx=00;36:*.xspf=00;36:', 'VSCODE_GIT_IPC_HANDLE': '/run/user/1000/vscode-git-0c002ae190.sock', 'TERM_PROGRAM': 'vscode', 'SSH_AUTH_SOCK': '/tmp/vscode-ssh-auth-ae47200a-172c-4fdc-b85b-553534a262ca.sock', 'AMENT_PREFIX_PATH': '/workspaces/ros_humble_mujoco_leo/leo/install/mujoco_msgs:/opt/ros/humble', 'DEBIAN_FRONTEND': 'noninteractive', 'SHELL': '/bin/bash', 'VSCODE_GIT_ASKPASS_EXTRA_ARGS': '', 'PWD': '/workspaces/ros_humble_mujoco_leo/leo/build/aerial_system_mujoco', 'LC_ALL': 'C.UTF-8', 'PYTHONPATH': '/workspaces/ros_humble_mujoco_leo/leo/build/aerial_system_mujoco/prefix_override:/usr/lib/python3/dist-packages/colcon_core/task/python/colcon_distutils_commands:/workspaces/ros_humble_mujoco_leo/leo/install/aerial_system_mujoco/lib/python3.10/site-packages:/workspaces/ros_humble_mujoco_leo/leo/install/mujoco_msgs/local/lib/python3.10/dist-packages:/opt/ros/humble/lib/python3.10/site-packages:/opt/ros/humble/local/lib/python3.10/dist-packages', 'NVIDIA_VISIBLE_DEVICES': 'all', 'COLCON': '1', 'CMAKE_PREFIX_PATH': '/workspaces/ros_humble_mujoco_leo/leo/install/mujoco_msgs'}, 'shell': False}
[4.643430] (communication) StdoutLine: {'line': b'-- Symlinking: /workspaces/ros_humble_mujoco_leo/leo/install/communication/include/communication/communication/srv/detail/gait_switch__type_support.h\n'}
[4.651182] (communication) StdoutLine: {'line': b'-- Symlinking: /workspaces/ros_humble_mujoco_leo/leo/install/communication/include/communication/communication/srv/detail/simulation_reset__functions.h\n'}
[4.659131] (communication) StdoutLine: {'line': b'-- Symlinking: /workspaces/ros_humble_mujoco_leo/leo/install/communication/include/communication/communication/srv/detail/simulation_reset__struct.h\n'}
[4.666878] (communication) StdoutLine: {'line': b'-- Symlinking: /workspaces/ros_humble_mujoco_leo/leo/install/communication/include/communication/communication/srv/detail/simulation_reset__type_support.h\n'}
[4.674351] (communication) StdoutLine: {'line': b'-- Symlinking: /workspaces/ros_humble_mujoco_leo/leo/install/communication/include/communication/communication/srv/gait_switch.h\n'}
[4.682024] (communication) StdoutLine: {'line': b'-- Symlinking: /workspaces/ros_humble_mujoco_leo/leo/install/communication/include/communication/communication/srv/simulation_reset.h\n'}
[4.689585] (communication) StdoutLine: {'line': b'-- Symlinking: /workspaces/ros_humble_mujoco_leo/leo/install/communication/share/communication/environment/library_path.sh\n'}
[4.697274] (communication) StdoutLine: {'line': b'-- Symlinking: /workspaces/ros_humble_mujoco_leo/leo/install/communication/share/communication/environment/library_path.dsv\n'}
[4.705257] (communication) StdoutLine: {'line': b'-- Symlinking: /workspaces/ros_humble_mujoco_leo/leo/install/communication/include/communication/communication/msg/detail/actuator_cmds__rosidl_typesupport_fastrtps_c.h\n'}
[4.705602] (-) TimerEvent: {}
[4.713226] (communication) StdoutLine: {'line': b'-- Symlinking: /workspaces/ros_humble_mujoco_leo/leo/install/communication/include/communication/communication/msg/detail/motion_commands__rosidl_typesupport_fastrtps_c.h\n'}
[4.720844] (communication) StdoutLine: {'line': b'-- Symlinking: /workspaces/ros_humble_mujoco_leo/leo/install/communication/include/communication/communication/msg/detail/touch_sensor__rosidl_typesupport_fastrtps_c.h\n'}
[4.728773] (communication) StdoutLine: {'line': b'-- Symlinking: /workspaces/ros_humble_mujoco_leo/leo/install/communication/include/communication/communication/msg/rosidl_typesupport_fastrtps_c__visibility_control.h\n'}
[4.736349] (communication) StdoutLine: {'line': b'-- Symlinking: /workspaces/ros_humble_mujoco_leo/leo/install/communication/include/communication/communication/srv/detail/gait_switch__rosidl_typesupport_fastrtps_c.h\n'}
[4.744419] (communication) StdoutLine: {'line': b'-- Symlinking: /workspaces/ros_humble_mujoco_leo/leo/install/communication/include/communication/communication/srv/detail/simulation_reset__rosidl_typesupport_fastrtps_c.h\n'}
[4.753012] (communication) StdoutLine: {'line': b'-- Symlinking: /workspaces/ros_humble_mujoco_leo/leo/install/communication/include/communication/communication/msg/actuator_cmds.hpp\n'}
[4.760988] (communication) StdoutLine: {'line': b'-- Symlinking: /workspaces/ros_humble_mujoco_leo/leo/install/communication/include/communication/communication/msg/detail/actuator_cmds__builder.hpp\n'}
[4.769131] (communication) StdoutLine: {'line': b'-- Symlinking: /workspaces/ros_humble_mujoco_leo/leo/install/communication/include/communication/communication/msg/detail/actuator_cmds__struct.hpp\n'}
[4.776487] (communication) StdoutLine: {'line': b'-- Symlinking: /workspaces/ros_humble_mujoco_leo/leo/install/communication/include/communication/communication/msg/detail/actuator_cmds__traits.hpp\n'}
[4.783938] (communication) StdoutLine: {'line': b'-- Symlinking: /workspaces/ros_humble_mujoco_leo/leo/install/communication/include/communication/communication/msg/detail/actuator_cmds__type_support.hpp\n'}
[4.791070] (communication) StdoutLine: {'line': b'-- Symlinking: /workspaces/ros_humble_mujoco_leo/leo/install/communication/include/communication/communication/msg/detail/motion_commands__builder.hpp\n'}
[4.798854] (communication) StdoutLine: {'line': b'-- Symlinking: /workspaces/ros_humble_mujoco_leo/leo/install/communication/include/communication/communication/msg/detail/motion_commands__struct.hpp\n'}
[4.805689] (-) TimerEvent: {}
[4.806548] (communication) StdoutLine: {'line': b'-- Symlinking: /workspaces/ros_humble_mujoco_leo/leo/install/communication/include/communication/communication/msg/detail/motion_commands__traits.hpp\n'}
[4.814341] (communication) StdoutLine: {'line': b'-- Symlinking: /workspaces/ros_humble_mujoco_leo/leo/install/communication/include/communication/communication/msg/detail/motion_commands__type_support.hpp\n'}
[4.822204] (communication) StdoutLine: {'line': b'-- Symlinking: /workspaces/ros_humble_mujoco_leo/leo/install/communication/include/communication/communication/msg/detail/touch_sensor__builder.hpp\n'}
[4.830293] (communication) StdoutLine: {'line': b'-- Symlinking: /workspaces/ros_humble_mujoco_leo/leo/install/communication/include/communication/communication/msg/detail/touch_sensor__struct.hpp\n'}
[4.837809] (communication) StdoutLine: {'line': b'-- Symlinking: /workspaces/ros_humble_mujoco_leo/leo/install/communication/include/communication/communication/msg/detail/touch_sensor__traits.hpp\n'}
[4.845689] (communication) StdoutLine: {'line': b'-- Symlinking: /workspaces/ros_humble_mujoco_leo/leo/install/communication/include/communication/communication/msg/detail/touch_sensor__type_support.hpp\n'}
[4.852108] (aerial_system_mujoco) StdoutLine: {'line': b'running develop\n'}
[4.853181] (communication) StdoutLine: {'line': b'-- Symlinking: /workspaces/ros_humble_mujoco_leo/leo/install/communication/include/communication/communication/msg/motion_commands.hpp\n'}
[4.861199] (communication) StdoutLine: {'line': b'-- Symlinking: /workspaces/ros_humble_mujoco_leo/leo/install/communication/include/communication/communication/msg/rosidl_generator_cpp__visibility_control.hpp\n'}
[4.869137] (communication) StdoutLine: {'line': b'-- Symlinking: /workspaces/ros_humble_mujoco_leo/leo/install/communication/include/communication/communication/msg/touch_sensor.hpp\n'}
[4.876443] (communication) StdoutLine: {'line': b'-- Symlinking: /workspaces/ros_humble_mujoco_leo/leo/install/communication/include/communication/communication/srv/detail/gait_switch__builder.hpp\n'}
[4.884062] (communication) StdoutLine: {'line': b'-- Symlinking: /workspaces/ros_humble_mujoco_leo/leo/install/communication/include/communication/communication/srv/detail/gait_switch__struct.hpp\n'}
[4.891144] (communication) StdoutLine: {'line': b'-- Symlinking: /workspaces/ros_humble_mujoco_leo/leo/install/communication/include/communication/communication/srv/detail/gait_switch__traits.hpp\n'}
[4.898249] (communication) StdoutLine: {'line': b'-- Symlinking: /workspaces/ros_humble_mujoco_leo/leo/install/communication/include/communication/communication/srv/detail/gait_switch__type_support.hpp\n'}
[4.905244] (communication) StdoutLine: {'line': b'-- Symlinking: /workspaces/ros_humble_mujoco_leo/leo/install/communication/include/communication/communication/srv/detail/simulation_reset__builder.hpp\n'}
[4.905732] (-) TimerEvent: {}
[4.912152] (communication) StdoutLine: {'line': b'-- Symlinking: /workspaces/ros_humble_mujoco_leo/leo/install/communication/include/communication/communication/srv/detail/simulation_reset__struct.hpp\n'}
[4.920020] (communication) StdoutLine: {'line': b'-- Symlinking: /workspaces/ros_humble_mujoco_leo/leo/install/communication/include/communication/communication/srv/detail/simulation_reset__traits.hpp\n'}
[4.927787] (communication) StdoutLine: {'line': b'-- Symlinking: /workspaces/ros_humble_mujoco_leo/leo/install/communication/include/communication/communication/srv/detail/simulation_reset__type_support.hpp\n'}
[4.935080] (communication) StdoutLine: {'line': b'-- Symlinking: /workspaces/ros_humble_mujoco_leo/leo/install/communication/include/communication/communication/srv/gait_switch.hpp\n'}
[4.942222] (communication) StdoutLine: {'line': b'-- Symlinking: /workspaces/ros_humble_mujoco_leo/leo/install/communication/include/communication/communication/srv/simulation_reset.hpp\n'}
[4.950154] (communication) StdoutLine: {'line': b'-- Symlinking: /workspaces/ros_humble_mujoco_leo/leo/install/communication/include/communication/communication/msg/detail/actuator_cmds__rosidl_typesupport_fastrtps_cpp.hpp\n'}
[4.957487] (communication) StdoutLine: {'line': b'-- Symlinking: /workspaces/ros_humble_mujoco_leo/leo/install/communication/include/communication/communication/msg/detail/motion_commands__rosidl_typesupport_fastrtps_cpp.hpp\n'}
[4.964596] (communication) StdoutLine: {'line': b'-- Symlinking: /workspaces/ros_humble_mujoco_leo/leo/install/communication/include/communication/communication/msg/detail/touch_sensor__rosidl_typesupport_fastrtps_cpp.hpp\n'}
[4.971949] (communication) StdoutLine: {'line': b'-- Symlinking: /workspaces/ros_humble_mujoco_leo/leo/install/communication/include/communication/communication/msg/rosidl_typesupport_fastrtps_cpp__visibility_control.h\n'}
[4.979001] (communication) StdoutLine: {'line': b'-- Symlinking: /workspaces/ros_humble_mujoco_leo/leo/install/communication/include/communication/communication/srv/detail/gait_switch__rosidl_typesupport_fastrtps_cpp.hpp\n'}
[4.980151] (aerial_system_mujoco) StdoutLine: {'line': b'running egg_info\n'}
[4.980251] (aerial_system_mujoco) StdoutLine: {'line': b'creating aerial_system_mujoco.egg-info\n'}
[4.980373] (aerial_system_mujoco) StdoutLine: {'line': b'writing aerial_system_mujoco.egg-info/PKG-INFO\n'}
[4.980546] (aerial_system_mujoco) StdoutLine: {'line': b'writing dependency_links to aerial_system_mujoco.egg-info/dependency_links.txt\n'}
[4.980648] (aerial_system_mujoco) StdoutLine: {'line': b'writing entry points to aerial_system_mujoco.egg-info/entry_points.txt\n'}
[4.980749] (aerial_system_mujoco) StdoutLine: {'line': b'writing requirements to aerial_system_mujoco.egg-info/requires.txt\n'}
[4.980842] (aerial_system_mujoco) StdoutLine: {'line': b'writing top-level names to aerial_system_mujoco.egg-info/top_level.txt\n'}
[4.980963] (aerial_system_mujoco) StdoutLine: {'line': b"writing manifest file 'aerial_system_mujoco.egg-info/SOURCES.txt'\n"}
[4.982227] (aerial_system_mujoco) StdoutLine: {'line': b"reading manifest file 'aerial_system_mujoco.egg-info/SOURCES.txt'\n"}
[4.982747] (aerial_system_mujoco) StdoutLine: {'line': b"writing manifest file 'aerial_system_mujoco.egg-info/SOURCES.txt'\n"}
[4.983759] (aerial_system_mujoco) StdoutLine: {'line': b'running build_ext\n'}
[4.983911] (aerial_system_mujoco) StdoutLine: {'line': b'Creating /workspaces/ros_humble_mujoco_leo/leo/install/aerial_system_mujoco/lib/python3.10/site-packages/aerial-system-mujoco.egg-link (link to .)\n'}
[4.984408] (aerial_system_mujoco) StdoutLine: {'line': b'Installing drones_simulation script to /workspaces/ros_humble_mujoco_leo/leo/install/aerial_system_mujoco/lib/aerial_system_mujoco\n'}
[4.984531] (aerial_system_mujoco) StdoutLine: {'line': b'Installing ropes_simulation script to /workspaces/ros_humble_mujoco_leo/leo/install/aerial_system_mujoco/lib/aerial_system_mujoco\n'}
[4.984679] (aerial_system_mujoco) StdoutLine: {'line': b'\n'}
[4.984735] (aerial_system_mujoco) StdoutLine: {'line': b'Installed /workspaces/ros_humble_mujoco_leo/leo/build/aerial_system_mujoco\n'}
[4.984802] (aerial_system_mujoco) StdoutLine: {'line': b'running symlink_data\n'}
[4.984856] (aerial_system_mujoco) StdoutLine: {'line': b'creating /workspaces/ros_humble_mujoco_leo/leo/install/aerial_system_mujoco/share/ament_index\n'}
[4.984914] (aerial_system_mujoco) StdoutLine: {'line': b'creating /workspaces/ros_humble_mujoco_leo/leo/install/aerial_system_mujoco/share/ament_index/resource_index\n'}
[4.984958] (aerial_system_mujoco) StdoutLine: {'line': b'creating /workspaces/ros_humble_mujoco_leo/leo/install/aerial_system_mujoco/share/ament_index/resource_index/packages\n'}
[4.985013] (aerial_system_mujoco) StdoutLine: {'line': b'symbolically linking /workspaces/ros_humble_mujoco_leo/leo/build/aerial_system_mujoco/resource/aerial_system_mujoco -> /workspaces/ros_humble_mujoco_leo/leo/install/aerial_system_mujoco/share/ament_index/resource_index/packages\n'}
[4.985069] (aerial_system_mujoco) StdoutLine: {'line': b'symbolically linking /workspaces/ros_humble_mujoco_leo/leo/build/aerial_system_mujoco/package.xml -> /workspaces/ros_humble_mujoco_leo/leo/install/aerial_system_mujoco/share/aerial_system_mujoco\n'}
[4.985125] (aerial_system_mujoco) StdoutLine: {'line': b'creating /workspaces/ros_humble_mujoco_leo/leo/install/aerial_system_mujoco/share/aerial_system_mujoco/launch\n'}
[4.985173] (aerial_system_mujoco) StdoutLine: {'line': b'symbolically linking /workspaces/ros_humble_mujoco_leo/leo/build/aerial_system_mujoco/launch/simulation_launch.py -> /workspaces/ros_humble_mujoco_leo/leo/install/aerial_system_mujoco/share/aerial_system_mujoco/launch\n'}
[4.985223] (aerial_system_mujoco) StdoutLine: {'line': b'creating /workspaces/ros_humble_mujoco_leo/leo/install/aerial_system_mujoco/share/aerial_system_mujoco/model\n'}
[4.985279] (aerial_system_mujoco) StdoutLine: {'line': b'symbolically linking /workspaces/ros_humble_mujoco_leo/leo/build/aerial_system_mujoco/model/xml/balloons.xml -> /workspaces/ros_humble_mujoco_leo/leo/install/aerial_system_mujoco/share/aerial_system_mujoco/model\n'}
[4.985351] (aerial_system_mujoco) StdoutLine: {'line': b'symbolically linking /workspaces/ros_humble_mujoco_leo/leo/build/aerial_system_mujoco/model/xml/model_1.xml -> /workspaces/ros_humble_mujoco_leo/leo/install/aerial_system_mujoco/share/aerial_system_mujoco/model\n'}
[4.985411] (aerial_system_mujoco) StdoutLine: {'line': b'symbolically linking /workspaces/ros_humble_mujoco_leo/leo/build/aerial_system_mujoco/model/xml/drone_payload.xml -> /workspaces/ros_humble_mujoco_leo/leo/install/aerial_system_mujoco/share/aerial_system_mujoco/model\n'}
[4.986234] (communication) StdoutLine: {'line': b'-- Symlinking: /workspaces/ros_humble_mujoco_leo/leo/install/communication/include/communication/communication/srv/detail/simulation_reset__rosidl_typesupport_fastrtps_cpp.hpp\n'}
[4.994548] (communication) StdoutLine: {'line': b'-- Symlinking: /workspaces/ros_humble_mujoco_leo/leo/install/communication/include/communication/communication/msg/detail/actuator_cmds__rosidl_typesupport_introspection_c.h\n'}
[5.002429] (communication) StdoutLine: {'line': b'-- Symlinking: /workspaces/ros_humble_mujoco_leo/leo/install/communication/include/communication/communication/msg/detail/motion_commands__rosidl_typesupport_introspection_c.h\n'}
[5.005810] (-) TimerEvent: {}
[5.010437] (communication) StdoutLine: {'line': b'-- Symlinking: /workspaces/ros_humble_mujoco_leo/leo/install/communication/include/communication/communication/msg/detail/touch_sensor__rosidl_typesupport_introspection_c.h\n'}
[5.012931] (aerial_system_mujoco) CommandEnded: {'returncode': 0}
[5.018352] (communication) StdoutLine: {'line': b'-- Symlinking: /workspaces/ros_humble_mujoco_leo/leo/install/communication/include/communication/communication/msg/rosidl_typesupport_introspection_c__visibility_control.h\n'}
[5.019110] (aerial_system_mujoco) JobEnded: {'identifier': 'aerial_system_mujoco', 'rc': 0}
[5.025617] (communication) StdoutLine: {'line': b'-- Symlinking: /workspaces/ros_humble_mujoco_leo/leo/install/communication/include/communication/communication/srv/detail/gait_switch__rosidl_typesupport_introspection_c.h\n'}
[5.033025] (communication) StdoutLine: {'line': b'-- Symlinking: /workspaces/ros_humble_mujoco_leo/leo/install/communication/include/communication/communication/srv/detail/simulation_reset__rosidl_typesupport_introspection_c.h\n'}
[5.041001] (communication) StdoutLine: {'line': b'-- Symlinking: /workspaces/ros_humble_mujoco_leo/leo/install/communication/include/communication/communication/msg/detail/actuator_cmds__rosidl_typesupport_introspection_cpp.hpp\n'}
[5.048943] (communication) StdoutLine: {'line': b'-- Symlinking: /workspaces/ros_humble_mujoco_leo/leo/install/communication/include/communication/communication/msg/detail/motion_commands__rosidl_typesupport_introspection_cpp.hpp\n'}
[5.055798] (communication) StdoutLine: {'line': b'-- Symlinking: /workspaces/ros_humble_mujoco_leo/leo/install/communication/include/communication/communication/msg/detail/touch_sensor__rosidl_typesupport_introspection_cpp.hpp\n'}
[5.062906] (communication) StdoutLine: {'line': b'-- Symlinking: /workspaces/ros_humble_mujoco_leo/leo/install/communication/include/communication/communication/srv/detail/gait_switch__rosidl_typesupport_introspection_cpp.hpp\n'}
[5.070192] (communication) StdoutLine: {'line': b'-- Symlinking: /workspaces/ros_humble_mujoco_leo/leo/install/communication/include/communication/communication/srv/detail/simulation_reset__rosidl_typesupport_introspection_cpp.hpp\n'}
[5.077890] (communication) StdoutLine: {'line': b'-- Symlinking: /workspaces/ros_humble_mujoco_leo/leo/install/communication/share/communication/environment/pythonpath.sh\n'}
[5.084920] (communication) StdoutLine: {'line': b'-- Symlinking: /workspaces/ros_humble_mujoco_leo/leo/install/communication/share/communication/environment/pythonpath.dsv\n'}
[5.092680] (communication) StdoutLine: {'line': b'-- Symlinking: /workspaces/ros_humble_mujoco_leo/leo/install/communication/local/lib/python3.10/dist-packages/communication-0.0.0-py3.10.egg-info/PKG-INFO\n'}
[5.099497] (communication) StdoutLine: {'line': b'-- Symlinking: /workspaces/ros_humble_mujoco_leo/leo/install/communication/local/lib/python3.10/dist-packages/communication-0.0.0-py3.10.egg-info/SOURCES.txt\n'}
[5.105871] (-) TimerEvent: {}
[5.106187] (communication) StdoutLine: {'line': b'-- Symlinking: /workspaces/ros_humble_mujoco_leo/leo/install/communication/local/lib/python3.10/dist-packages/communication-0.0.0-py3.10.egg-info/dependency_links.txt\n'}
[5.113116] (communication) StdoutLine: {'line': b'-- Symlinking: /workspaces/ros_humble_mujoco_leo/leo/install/communication/local/lib/python3.10/dist-packages/communication-0.0.0-py3.10.egg-info/top_level.txt\n'}
[5.122333] (communication) StdoutLine: {'line': b'-- Symlinking: /workspaces/ros_humble_mujoco_leo/leo/install/communication/local/lib/python3.10/dist-packages/communication/__init__.py\n'}
[5.129946] (communication) StdoutLine: {'line': b'-- Symlinking: /workspaces/ros_humble_mujoco_leo/leo/install/communication/local/lib/python3.10/dist-packages/communication/_communication_s.ep.rosidl_typesupport_c.c\n'}
[5.136795] (communication) StdoutLine: {'line': b'-- Symlinking: /workspaces/ros_humble_mujoco_leo/leo/install/communication/local/lib/python3.10/dist-packages/communication/_communication_s.ep.rosidl_typesupport_fastrtps_c.c\n'}
[5.143646] (communication) StdoutLine: {'line': b'-- Symlinking: /workspaces/ros_humble_mujoco_leo/leo/install/communication/local/lib/python3.10/dist-packages/communication/_communication_s.ep.rosidl_typesupport_introspection_c.c\n'}
[5.150851] (communication) StdoutLine: {'line': b'-- Symlinking: /workspaces/ros_humble_mujoco_leo/leo/install/communication/local/lib/python3.10/dist-packages/communication/communication_s__rosidl_typesupport_c.cpython-310-x86_64-linux-gnu.so\n'}
[5.157757] (communication) StdoutLine: {'line': b'-- Symlinking: /workspaces/ros_humble_mujoco_leo/leo/install/communication/local/lib/python3.10/dist-packages/communication/communication_s__rosidl_typesupport_fastrtps_c.cpython-310-x86_64-linux-gnu.so\n'}
[5.164922] (communication) StdoutLine: {'line': b'-- Symlinking: /workspaces/ros_humble_mujoco_leo/leo/install/communication/local/lib/python3.10/dist-packages/communication/communication_s__rosidl_typesupport_introspection_c.cpython-310-x86_64-linux-gnu.so\n'}
[5.172330] (communication) StdoutLine: {'line': b'-- Symlinking: /workspaces/ros_humble_mujoco_leo/leo/install/communication/local/lib/python3.10/dist-packages/communication/libcommunication__rosidl_generator_py.so\n'}
[5.179478] (communication) StdoutLine: {'line': b'-- Symlinking: /workspaces/ros_humble_mujoco_leo/leo/install/communication/local/lib/python3.10/dist-packages/communication/msg/__init__.py\n'}
[5.186270] (communication) StdoutLine: {'line': b'-- Symlinking: /workspaces/ros_humble_mujoco_leo/leo/install/communication/local/lib/python3.10/dist-packages/communication/msg/_actuator_cmds.py\n'}
[5.192787] (communication) StdoutLine: {'line': b'-- Symlinking: /workspaces/ros_humble_mujoco_leo/leo/install/communication/local/lib/python3.10/dist-packages/communication/msg/_actuator_cmds_s.c\n'}
[5.199228] (communication) StdoutLine: {'line': b'-- Symlinking: /workspaces/ros_humble_mujoco_leo/leo/install/communication/local/lib/python3.10/dist-packages/communication/msg/_motion_commands.py\n'}
[5.205938] (communication) StdoutLine: {'line': b'-- Symlinking: /workspaces/ros_humble_mujoco_leo/leo/install/communication/local/lib/python3.10/dist-packages/communication/msg/_motion_commands_s.c\n'}
[5.206014] (-) TimerEvent: {}
[5.212464] (communication) StdoutLine: {'line': b'-- Symlinking: /workspaces/ros_humble_mujoco_leo/leo/install/communication/local/lib/python3.10/dist-packages/communication/msg/_touch_sensor.py\n'}
[5.220602] (communication) StdoutLine: {'line': b'-- Symlinking: /workspaces/ros_humble_mujoco_leo/leo/install/communication/local/lib/python3.10/dist-packages/communication/msg/_touch_sensor_s.c\n'}
[5.228761] (communication) StdoutLine: {'line': b'-- Symlinking: /workspaces/ros_humble_mujoco_leo/leo/install/communication/local/lib/python3.10/dist-packages/communication/srv/__init__.py\n'}
[5.235657] (communication) StdoutLine: {'line': b'-- Symlinking: /workspaces/ros_humble_mujoco_leo/leo/install/communication/local/lib/python3.10/dist-packages/communication/srv/_gait_switch.py\n'}
[5.242744] (communication) StdoutLine: {'line': b'-- Symlinking: /workspaces/ros_humble_mujoco_leo/leo/install/communication/local/lib/python3.10/dist-packages/communication/srv/_gait_switch_s.c\n'}
[5.250876] (communication) StdoutLine: {'line': b'-- Symlinking: /workspaces/ros_humble_mujoco_leo/leo/install/communication/local/lib/python3.10/dist-packages/communication/srv/_simulation_reset.py\n'}
[5.259345] (communication) StdoutLine: {'line': b'-- Symlinking: /workspaces/ros_humble_mujoco_leo/leo/install/communication/local/lib/python3.10/dist-packages/communication/srv/_simulation_reset_s.c\n'}
[5.267598] (communication) StdoutLine: {'line': b'-- Up-to-date symlink: /workspaces/ros_humble_mujoco_leo/leo/install/communication/local/lib/python3.10/dist-packages/communication/communication_s__rosidl_typesupport_fastrtps_c.cpython-310-x86_64-linux-gnu.so\n'}
[5.267801] (communication) StdoutLine: {'line': b'-- Up-to-date symlink: /workspaces/ros_humble_mujoco_leo/leo/install/communication/local/lib/python3.10/dist-packages/communication/communication_s__rosidl_typesupport_introspection_c.cpython-310-x86_64-linux-gnu.so\n'}
[5.267955] (communication) StdoutLine: {'line': b'-- Up-to-date symlink: /workspaces/ros_humble_mujoco_leo/leo/install/communication/local/lib/python3.10/dist-packages/communication/communication_s__rosidl_typesupport_c.cpython-310-x86_64-linux-gnu.so\n'}
[5.268128] (communication) StdoutLine: {'line': b'-- Symlinking: /workspaces/ros_humble_mujoco_leo/leo/install/communication/share/communication/msg/ActuatorCmds.idl\n'}
[5.276963] (communication) StdoutLine: {'line': b'-- Symlinking: /workspaces/ros_humble_mujoco_leo/leo/install/communication/share/communication/msg/MotionCommands.idl\n'}
[5.284868] (communication) StdoutLine: {'line': b'-- Symlinking: /workspaces/ros_humble_mujoco_leo/leo/install/communication/share/communication/msg/TouchSensor.idl\n'}
[5.293930] (communication) StdoutLine: {'line': b'-- Symlinking: /workspaces/ros_humble_mujoco_leo/leo/install/communication/share/communication/srv/SimulationReset.idl\n'}
[5.302344] (communication) StdoutLine: {'line': b'-- Symlinking: /workspaces/ros_humble_mujoco_leo/leo/install/communication/share/communication/srv/GaitSwitch.idl\n'}
[5.306139] (-) TimerEvent: {}
[5.310703] (communication) StdoutLine: {'line': b'-- Symlinking: /workspaces/ros_humble_mujoco_leo/leo/install/communication/share/communication/msg/ActuatorCmds.msg\n'}
[5.319018] (communication) StdoutLine: {'line': b'-- Symlinking: /workspaces/ros_humble_mujoco_leo/leo/install/communication/share/communication/msg/MotionCommands.msg\n'}
[5.328038] (communication) StdoutLine: {'line': b'-- Symlinking: /workspaces/ros_humble_mujoco_leo/leo/install/communication/share/communication/msg/TouchSensor.msg\n'}
[5.336232] (communication) StdoutLine: {'line': b'-- Symlinking: /workspaces/ros_humble_mujoco_leo/leo/install/communication/share/communication/srv/SimulationReset.srv\n'}
[5.344600] (communication) StdoutLine: {'line': b'-- Symlinking: /workspaces/ros_humble_mujoco_leo/leo/install/communication/share/communication/srv/SimulationReset_Request.msg\n'}
[5.353580] (communication) StdoutLine: {'line': b'-- Symlinking: /workspaces/ros_humble_mujoco_leo/leo/install/communication/share/communication/srv/SimulationReset_Response.msg\n'}
[5.362257] (communication) StdoutLine: {'line': b'-- Symlinking: /workspaces/ros_humble_mujoco_leo/leo/install/communication/share/communication/srv/GaitSwitch.srv\n'}
[5.370640] (communication) StdoutLine: {'line': b'-- Symlinking: /workspaces/ros_humble_mujoco_leo/leo/install/communication/share/communication/srv/GaitSwitch_Request.msg\n'}
[5.379116] (communication) StdoutLine: {'line': b'-- Symlinking: /workspaces/ros_humble_mujoco_leo/leo/install/communication/share/communication/srv/GaitSwitch_Response.msg\n'}
[5.387373] (communication) StdoutLine: {'line': b'-- Symlinking: /workspaces/ros_humble_mujoco_leo/leo/install/communication/share/ament_index/resource_index/package_run_dependencies/communication\n'}
[5.396102] (communication) StdoutLine: {'line': b'-- Symlinking: /workspaces/ros_humble_mujoco_leo/leo/install/communication/share/ament_index/resource_index/parent_prefix_path/communication\n'}
[5.405006] (communication) StdoutLine: {'line': b'-- Symlinking: /workspaces/ros_humble_mujoco_leo/leo/install/communication/share/communication/environment/ament_prefix_path.sh\n'}
[5.406203] (-) TimerEvent: {}
[5.413387] (communication) StdoutLine: {'line': b'-- Symlinking: /workspaces/ros_humble_mujoco_leo/leo/install/communication/share/communication/environment/ament_prefix_path.dsv\n'}
[5.421804] (communication) StdoutLine: {'line': b'-- Symlinking: /workspaces/ros_humble_mujoco_leo/leo/install/communication/share/communication/environment/path.sh\n'}
[5.430291] (communication) StdoutLine: {'line': b'-- Symlinking: /workspaces/ros_humble_mujoco_leo/leo/install/communication/share/communication/environment/path.dsv\n'}
[5.437516] (communication) StdoutLine: {'line': b'-- Symlinking: /workspaces/ros_humble_mujoco_leo/leo/install/communication/share/communication/local_setup.bash\n'}
[5.446201] (communication) StdoutLine: {'line': b'-- Symlinking: /workspaces/ros_humble_mujoco_leo/leo/install/communication/share/communication/local_setup.sh\n'}
[5.453421] (communication) StdoutLine: {'line': b'-- Symlinking: /workspaces/ros_humble_mujoco_leo/leo/install/communication/share/communication/local_setup.zsh\n'}
[5.461127] (communication) StdoutLine: {'line': b'-- Symlinking: /workspaces/ros_humble_mujoco_leo/leo/install/communication/share/communication/local_setup.dsv\n'}
[5.469468] (communication) StdoutLine: {'line': b'-- Symlinking: /workspaces/ros_humble_mujoco_leo/leo/install/communication/share/communication/package.dsv\n'}
[5.478402] (communication) StdoutLine: {'line': b'-- Symlinking: /workspaces/ros_humble_mujoco_leo/leo/install/communication/share/ament_index/resource_index/packages/communication\n'}
[5.486815] (communication) StdoutLine: {'line': b'-- Symlinking: /workspaces/ros_humble_mujoco_leo/leo/install/communication/share/communication/cmake/rosidl_cmake-extras.cmake\n'}
[5.496671] (communication) StdoutLine: {'line': b'-- Symlinking: /workspaces/ros_humble_mujoco_leo/leo/install/communication/share/communication/cmake/ament_cmake_export_dependencies-extras.cmake\n'}
[5.504674] (communication) StdoutLine: {'line': b'-- Symlinking: /workspaces/ros_humble_mujoco_leo/leo/install/communication/share/communication/cmake/ament_cmake_export_include_directories-extras.cmake\n'}
[5.506291] (-) TimerEvent: {}
[5.513306] (communication) StdoutLine: {'line': b'-- Symlinking: /workspaces/ros_humble_mujoco_leo/leo/install/communication/share/communication/cmake/ament_cmake_export_libraries-extras.cmake\n'}
[5.521683] (communication) StdoutLine: {'line': b'-- Symlinking: /workspaces/ros_humble_mujoco_leo/leo/install/communication/share/communication/cmake/ament_cmake_export_targets-extras.cmake\n'}
[5.531248] (communication) StdoutLine: {'line': b'-- Symlinking: /workspaces/ros_humble_mujoco_leo/leo/install/communication/share/communication/cmake/rosidl_cmake_export_typesupport_targets-extras.cmake\n'}
[5.539761] (communication) StdoutLine: {'line': b'-- Symlinking: /workspaces/ros_humble_mujoco_leo/leo/install/communication/share/communication/cmake/rosidl_cmake_export_typesupport_libraries-extras.cmake\n'}
[5.548503] (communication) StdoutLine: {'line': b'-- Symlinking: /workspaces/ros_humble_mujoco_leo/leo/install/communication/share/communication/cmake/communicationConfig.cmake\n'}
[5.556529] (communication) StdoutLine: {'line': b'-- Symlinking: /workspaces/ros_humble_mujoco_leo/leo/install/communication/share/communication/cmake/communicationConfig-version.cmake\n'}
[5.565546] (communication) StdoutLine: {'line': b'-- Symlinking: /workspaces/ros_humble_mujoco_leo/leo/install/communication/share/communication/package.xml\n'}
[5.574652] (communication) StdoutLine: {'line': b'-- Installing: /workspaces/ros_humble_mujoco_leo/leo/install/communication/lib/libcommunication__rosidl_generator_c.so\n'}
[5.575024] (communication) StdoutLine: {'line': b'-- Set runtime path of "/workspaces/ros_humble_mujoco_leo/leo/install/communication/lib/libcommunication__rosidl_generator_c.so" to ""\n'}
[5.575100] (communication) StdoutLine: {'line': b'-- Installing: /workspaces/ros_humble_mujoco_leo/leo/install/communication/lib/libcommunication__rosidl_typesupport_fastrtps_c.so\n'}
[5.575494] (communication) StdoutLine: {'line': b'-- Set runtime path of "/workspaces/ros_humble_mujoco_leo/leo/install/communication/lib/libcommunication__rosidl_typesupport_fastrtps_c.so" to ""\n'}
[5.575557] (communication) StdoutLine: {'line': b'-- Installing: /workspaces/ros_humble_mujoco_leo/leo/install/communication/lib/libcommunication__rosidl_typesupport_fastrtps_cpp.so\n'}
[5.576024] (communication) StdoutLine: {'line': b'-- Set runtime path of "/workspaces/ros_humble_mujoco_leo/leo/install/communication/lib/libcommunication__rosidl_typesupport_fastrtps_cpp.so" to ""\n'}
[5.576136] (communication) StdoutLine: {'line': b'-- Installing: /workspaces/ros_humble_mujoco_leo/leo/install/communication/lib/libcommunication__rosidl_typesupport_introspection_c.so\n'}
[5.576444] (communication) StdoutLine: {'line': b'-- Set runtime path of "/workspaces/ros_humble_mujoco_leo/leo/install/communication/lib/libcommunication__rosidl_typesupport_introspection_c.so" to ""\n'}
[5.576516] (communication) StdoutLine: {'line': b'-- Installing: /workspaces/ros_humble_mujoco_leo/leo/install/communication/lib/libcommunication__rosidl_typesupport_c.so\n'}
[5.576825] (communication) StdoutLine: {'line': b'-- Set runtime path of "/workspaces/ros_humble_mujoco_leo/leo/install/communication/lib/libcommunication__rosidl_typesupport_c.so" to ""\n'}
[5.576887] (communication) StdoutLine: {'line': b'-- Installing: /workspaces/ros_humble_mujoco_leo/leo/install/communication/lib/libcommunication__rosidl_typesupport_introspection_cpp.so\n'}
[5.577348] (communication) StdoutLine: {'line': b'-- Set runtime path of "/workspaces/ros_humble_mujoco_leo/leo/install/communication/lib/libcommunication__rosidl_typesupport_introspection_cpp.so" to ""\n'}
[5.577420] (communication) StdoutLine: {'line': b'-- Installing: /workspaces/ros_humble_mujoco_leo/leo/install/communication/lib/libcommunication__rosidl_typesupport_cpp.so\n'}
[5.577750] (communication) StdoutLine: {'line': b'-- Set runtime path of "/workspaces/ros_humble_mujoco_leo/leo/install/communication/lib/libcommunication__rosidl_typesupport_cpp.so" to ""\n'}
[5.606375] (-) TimerEvent: {}
[5.610261] (communication) StdoutLine: {'line': b"Listing '/workspaces/ros_humble_mujoco_leo/leo/install/communication/local/lib/python3.10/dist-packages/communication'...\n"}
[5.610390] (communication) StdoutLine: {'line': b"Compiling '/workspaces/ros_humble_mujoco_leo/leo/install/communication/local/lib/python3.10/dist-packages/communication/__init__.py'...\n"}
[5.610438] (communication) StdoutLine: {'line': b"Listing '/workspaces/ros_humble_mujoco_leo/leo/install/communication/local/lib/python3.10/dist-packages/communication/msg'...\n"}
[5.610478] (communication) StdoutLine: {'line': b"Compiling '/workspaces/ros_humble_mujoco_leo/leo/install/communication/local/lib/python3.10/dist-packages/communication/msg/__init__.py'...\n"}
[5.610519] (communication) StdoutLine: {'line': b"Compiling '/workspaces/ros_humble_mujoco_leo/leo/install/communication/local/lib/python3.10/dist-packages/communication/msg/_actuator_cmds.py'...\n"}
[5.610558] (communication) StdoutLine: {'line': b"Compiling '/workspaces/ros_humble_mujoco_leo/leo/install/communication/local/lib/python3.10/dist-packages/communication/msg/_motion_commands.py'...\n"}
[5.610595] (communication) StdoutLine: {'line': b"Compiling '/workspaces/ros_humble_mujoco_leo/leo/install/communication/local/lib/python3.10/dist-packages/communication/msg/_touch_sensor.py'...\n"}
[5.610632] (communication) StdoutLine: {'line': b"Listing '/workspaces/ros_humble_mujoco_leo/leo/install/communication/local/lib/python3.10/dist-packages/communication/srv'...\n"}
[5.610674] (communication) StdoutLine: {'line': b"Compiling '/workspaces/ros_humble_mujoco_leo/leo/install/communication/local/lib/python3.10/dist-packages/communication/srv/__init__.py'...\n"}
[5.610749] (communication) StdoutLine: {'line': b"Compiling '/workspaces/ros_humble_mujoco_leo/leo/install/communication/local/lib/python3.10/dist-packages/communication/srv/_gait_switch.py'...\n"}
[5.610804] (communication) StdoutLine: {'line': b"Compiling '/workspaces/ros_humble_mujoco_leo/leo/install/communication/local/lib/python3.10/dist-packages/communication/srv/_simulation_reset.py'...\n"}
[5.614352] (communication) StdoutLine: {'line': b'-- Installing: /workspaces/ros_humble_mujoco_leo/leo/install/communication/lib/libcommunication__rosidl_generator_py.so\n'}
[5.614891] (communication) StdoutLine: {'line': b'-- Set runtime path of "/workspaces/ros_humble_mujoco_leo/leo/install/communication/lib/libcommunication__rosidl_generator_py.so" to ""\n'}
[5.615028] (communication) StdoutLine: {'line': b'-- Installing: /workspaces/ros_humble_mujoco_leo/leo/install/communication/share/communication/cmake/export_communication__rosidl_generator_cExport.cmake\n'}
[5.615228] (communication) StdoutLine: {'line': b'-- Installing: /workspaces/ros_humble_mujoco_leo/leo/install/communication/share/communication/cmake/export_communication__rosidl_generator_cExport-noconfig.cmake\n'}
[5.615400] (communication) StdoutLine: {'line': b'-- Installing: /workspaces/ros_humble_mujoco_leo/leo/install/communication/share/communication/cmake/export_communication__rosidl_typesupport_fastrtps_cExport.cmake\n'}
[5.615570] (communication) StdoutLine: {'line': b'-- Installing: /workspaces/ros_humble_mujoco_leo/leo/install/communication/share/communication/cmake/export_communication__rosidl_typesupport_fastrtps_cExport-noconfig.cmake\n'}
[5.615764] (communication) StdoutLine: {'line': b'-- Installing: /workspaces/ros_humble_mujoco_leo/leo/install/communication/share/communication/cmake/export_communication__rosidl_generator_cppExport.cmake\n'}
[5.615990] (communication) StdoutLine: {'line': b'-- Installing: /workspaces/ros_humble_mujoco_leo/leo/install/communication/share/communication/cmake/export_communication__rosidl_typesupport_fastrtps_cppExport.cmake\n'}
[5.616209] (communication) StdoutLine: {'line': b'-- Installing: /workspaces/ros_humble_mujoco_leo/leo/install/communication/share/communication/cmake/export_communication__rosidl_typesupport_fastrtps_cppExport-noconfig.cmake\n'}
[5.616452] (communication) StdoutLine: {'line': b'-- Installing: /workspaces/ros_humble_mujoco_leo/leo/install/communication/share/communication/cmake/communication__rosidl_typesupport_introspection_cExport.cmake\n'}
[5.616571] (communication) StdoutLine: {'line': b'-- Installing: /workspaces/ros_humble_mujoco_leo/leo/install/communication/share/communication/cmake/communication__rosidl_typesupport_introspection_cExport-noconfig.cmake\n'}
[5.616757] (communication) StdoutLine: {'line': b'-- Installing: /workspaces/ros_humble_mujoco_leo/leo/install/communication/share/communication/cmake/communication__rosidl_typesupport_cExport.cmake\n'}
[5.616960] (communication) StdoutLine: {'line': b'-- Installing: /workspaces/ros_humble_mujoco_leo/leo/install/communication/share/communication/cmake/communication__rosidl_typesupport_cExport-noconfig.cmake\n'}
[5.617147] (communication) StdoutLine: {'line': b'-- Installing: /workspaces/ros_humble_mujoco_leo/leo/install/communication/share/communication/cmake/communication__rosidl_typesupport_introspection_cppExport.cmake\n'}
[5.617326] (communication) StdoutLine: {'line': b'-- Installing: /workspaces/ros_humble_mujoco_leo/leo/install/communication/share/communication/cmake/communication__rosidl_typesupport_introspection_cppExport-noconfig.cmake\n'}
[5.617494] (communication) StdoutLine: {'line': b'-- Installing: /workspaces/ros_humble_mujoco_leo/leo/install/communication/share/communication/cmake/communication__rosidl_typesupport_cppExport.cmake\n'}
[5.617659] (communication) StdoutLine: {'line': b'-- Installing: /workspaces/ros_humble_mujoco_leo/leo/install/communication/share/communication/cmake/communication__rosidl_typesupport_cppExport-noconfig.cmake\n'}
[5.617841] (communication) StdoutLine: {'line': b'-- Installing: /workspaces/ros_humble_mujoco_leo/leo/install/communication/share/communication/cmake/export_communication__rosidl_generator_pyExport.cmake\n'}
[5.618004] (communication) StdoutLine: {'line': b'-- Installing: /workspaces/ros_humble_mujoco_leo/leo/install/communication/share/communication/cmake/export_communication__rosidl_generator_pyExport-noconfig.cmake\n'}
[5.620111] (communication) CommandEnded: {'returncode': 0}
[5.633066] (communication) JobEnded: {'identifier': 'communication', 'rc': 0}
[5.633607] (-) EventReactorShutdown: {}
