[0.000000] (-) TimerEvent: {}
[0.000405] (communication) JobQueued: {'identifier': 'communication', 'dependencies': OrderedDict()}
[0.000449] (mujoco_msgs) JobQueued: {'identifier': 'mujoco_msgs', 'dependencies': OrderedDict()}
[0.000475] (communication) JobStarted: {'identifier': 'communication'}
[0.007216] (mujoco_msgs) JobStarted: {'identifier': 'mujoco_msgs'}
[0.012939] (communication) JobProgress: {'identifier': 'communication', 'progress': 'cmake'}
[0.013633] (communication) Command: {'cmd': ['/usr/bin/cmake', '/root/ros2_ws/src/communication', '-DAMENT_CMAKE_SYMLINK_INSTALL=1', '-DCMAKE_INSTALL_PREFIX=/root/ros2_ws/install/communication'], 'cwd': '/root/ros2_ws/build/communication', 'env': OrderedDict([('HOSTNAME', 'nero-A52i'), ('SHLVL', '1'), ('LD_LIBRARY_PATH', '/usr/lib/x86_64-linux-gnu/gazebo-11/plugins:/opt/ros/humble/opt/rviz_ogre_vendor/lib:/opt/ros/humble/lib/x86_64-linux-gnu:/opt/ros/humble/lib'), ('HOME', '/root'), ('OLDPWD', '/root/ros2_ws/src'), ('ROS_PYTHON_VERSION', '3'), ('COLCON_PREFIX_PATH', '/root/ros2_ws/install'), ('ROS_DISTRO', 'humble'), ('_', '/usr/bin/colcon'), ('ROS_VERSION', '2'), ('TERM', 'xterm'), ('ROS_LOCALHOST_ONLY', '0'), ('PATH', '/opt/ros/humble/bin:/usr/local/sbin:/usr/local/bin:/usr/sbin:/usr/bin:/sbin:/bin'), ('XDG_RUNTIME_DIR', '/run/user/1000'), ('DISPLAY', ':1'), ('LANG', 'C.UTF-8'), ('XAUTHORITY', '/run/user/1000/gdm/Xauthority'), ('LS_COLORS', 'rs=0:di=01;34:ln=01;36:mh=00:pi=40;33:so=01;35:do=01;35:bd=40;33;01:cd=40;33;01:or=40;31;01:mi=00:su=37;41:sg=30;43:ca=30;41:tw=30;42:ow=34;42:st=37;44:ex=01;32:*.tar=01;31:*.tgz=01;31:*.arc=01;31:*.arj=01;31:*.taz=01;31:*.lha=01;31:*.lz4=01;31:*.lzh=01;31:*.lzma=01;31:*.tlz=01;31:*.txz=01;31:*.tzo=01;31:*.t7z=01;31:*.zip=01;31:*.z=01;31:*.dz=01;31:*.gz=01;31:*.lrz=01;31:*.lz=01;31:*.lzo=01;31:*.xz=01;31:*.zst=01;31:*.tzst=01;31:*.bz2=01;31:*.bz=01;31:*.tbz=01;31:*.tbz2=01;31:*.tz=01;31:*.deb=01;31:*.rpm=01;31:*.jar=01;31:*.war=01;31:*.ear=01;31:*.sar=01;31:*.rar=01;31:*.alz=01;31:*.ace=01;31:*.zoo=01;31:*.cpio=01;31:*.7z=01;31:*.rz=01;31:*.cab=01;31:*.wim=01;31:*.swm=01;31:*.dwm=01;31:*.esd=01;31:*.jpg=01;35:*.jpeg=01;35:*.mjpg=01;35:*.mjpeg=01;35:*.gif=01;35:*.bmp=01;35:*.pbm=01;35:*.pgm=01;35:*.ppm=01;35:*.tga=01;35:*.xbm=01;35:*.xpm=01;35:*.tif=01;35:*.tiff=01;35:*.png=01;35:*.svg=01;35:*.svgz=01;35:*.mng=01;35:*.pcx=01;35:*.mov=01;35:*.mpg=01;35:*.mpeg=01;35:*.m2v=01;35:*.mkv=01;35:*.webm=01;35:*.webp=01;35:*.ogm=01;35:*.mp4=01;35:*.m4v=01;35:*.mp4v=01;35:*.vob=01;35:*.qt=01;35:*.nuv=01;35:*.wmv=01;35:*.asf=01;35:*.rm=01;35:*.rmvb=01;35:*.flc=01;35:*.avi=01;35:*.fli=01;35:*.flv=01;35:*.gl=01;35:*.dl=01;35:*.xcf=01;35:*.xwd=01;35:*.yuv=01;35:*.cgm=01;35:*.emf=01;35:*.ogv=01;35:*.ogx=01;35:*.aac=00;36:*.au=00;36:*.flac=00;36:*.m4a=00;36:*.mid=00;36:*.midi=00;36:*.mka=00;36:*.mp3=00;36:*.mpc=00;36:*.ogg=00;36:*.ra=00;36:*.wav=00;36:*.oga=00;36:*.opus=00;36:*.spx=00;36:*.xspf=00;36:'), ('AMENT_PREFIX_PATH', '/opt/ros/humble'), ('PWD', '/root/ros2_ws/build/communication'), ('LC_ALL', 'C.UTF-8'), ('PYTHONPATH', '/opt/ros/humble/lib/python3.10/site-packages:/opt/ros/humble/local/lib/python3.10/dist-packages'), ('COLCON', '1'), ('CMAKE_PREFIX_PATH', '/opt/ros/humble')]), 'shell': False}
[0.017854] (mujoco_msgs) JobProgress: {'identifier': 'mujoco_msgs', 'progress': 'cmake'}
[0.018423] (mujoco_msgs) Command: {'cmd': ['/usr/bin/cmake', '/root/ros2_ws/src/mujoco_msgs', '-DAMENT_CMAKE_SYMLINK_INSTALL=1', '-DCMAKE_INSTALL_PREFIX=/root/ros2_ws/install/mujoco_msgs'], 'cwd': '/root/ros2_ws/build/mujoco_msgs', 'env': OrderedDict([('HOSTNAME', 'nero-A52i'), ('SHLVL', '1'), ('LD_LIBRARY_PATH', '/usr/lib/x86_64-linux-gnu/gazebo-11/plugins:/opt/ros/humble/opt/rviz_ogre_vendor/lib:/opt/ros/humble/lib/x86_64-linux-gnu:/opt/ros/humble/lib'), ('HOME', '/root'), ('OLDPWD', '/root/ros2_ws/src'), ('ROS_PYTHON_VERSION', '3'), ('COLCON_PREFIX_PATH', '/root/ros2_ws/install'), ('ROS_DISTRO', 'humble'), ('_', '/usr/bin/colcon'), ('ROS_VERSION', '2'), ('TERM', 'xterm'), ('ROS_LOCALHOST_ONLY', '0'), ('PATH', '/opt/ros/humble/bin:/usr/local/sbin:/usr/local/bin:/usr/sbin:/usr/bin:/sbin:/bin'), ('XDG_RUNTIME_DIR', '/run/user/1000'), ('DISPLAY', ':1'), ('LANG', 'C.UTF-8'), ('XAUTHORITY', '/run/user/1000/gdm/Xauthority'), ('LS_COLORS', 'rs=0:di=01;34:ln=01;36:mh=00:pi=40;33:so=01;35:do=01;35:bd=40;33;01:cd=40;33;01:or=40;31;01:mi=00:su=37;41:sg=30;43:ca=30;41:tw=30;42:ow=34;42:st=37;44:ex=01;32:*.tar=01;31:*.tgz=01;31:*.arc=01;31:*.arj=01;31:*.taz=01;31:*.lha=01;31:*.lz4=01;31:*.lzh=01;31:*.lzma=01;31:*.tlz=01;31:*.txz=01;31:*.tzo=01;31:*.t7z=01;31:*.zip=01;31:*.z=01;31:*.dz=01;31:*.gz=01;31:*.lrz=01;31:*.lz=01;31:*.lzo=01;31:*.xz=01;31:*.zst=01;31:*.tzst=01;31:*.bz2=01;31:*.bz=01;31:*.tbz=01;31:*.tbz2=01;31:*.tz=01;31:*.deb=01;31:*.rpm=01;31:*.jar=01;31:*.war=01;31:*.ear=01;31:*.sar=01;31:*.rar=01;31:*.alz=01;31:*.ace=01;31:*.zoo=01;31:*.cpio=01;31:*.7z=01;31:*.rz=01;31:*.cab=01;31:*.wim=01;31:*.swm=01;31:*.dwm=01;31:*.esd=01;31:*.jpg=01;35:*.jpeg=01;35:*.mjpg=01;35:*.mjpeg=01;35:*.gif=01;35:*.bmp=01;35:*.pbm=01;35:*.pgm=01;35:*.ppm=01;35:*.tga=01;35:*.xbm=01;35:*.xpm=01;35:*.tif=01;35:*.tiff=01;35:*.png=01;35:*.svg=01;35:*.svgz=01;35:*.mng=01;35:*.pcx=01;35:*.mov=01;35:*.mpg=01;35:*.mpeg=01;35:*.m2v=01;35:*.mkv=01;35:*.webm=01;35:*.webp=01;35:*.ogm=01;35:*.mp4=01;35:*.m4v=01;35:*.mp4v=01;35:*.vob=01;35:*.qt=01;35:*.nuv=01;35:*.wmv=01;35:*.asf=01;35:*.rm=01;35:*.rmvb=01;35:*.flc=01;35:*.avi=01;35:*.fli=01;35:*.flv=01;35:*.gl=01;35:*.dl=01;35:*.xcf=01;35:*.xwd=01;35:*.yuv=01;35:*.cgm=01;35:*.emf=01;35:*.ogv=01;35:*.ogx=01;35:*.aac=00;36:*.au=00;36:*.flac=00;36:*.m4a=00;36:*.mid=00;36:*.midi=00;36:*.mka=00;36:*.mp3=00;36:*.mpc=00;36:*.ogg=00;36:*.ra=00;36:*.wav=00;36:*.oga=00;36:*.opus=00;36:*.spx=00;36:*.xspf=00;36:'), ('AMENT_PREFIX_PATH', '/opt/ros/humble'), ('PWD', '/root/ros2_ws/build/mujoco_msgs'), ('LC_ALL', 'C.UTF-8'), ('PYTHONPATH', '/opt/ros/humble/lib/python3.10/site-packages:/opt/ros/humble/local/lib/python3.10/dist-packages'), ('COLCON', '1'), ('CMAKE_PREFIX_PATH', '/opt/ros/humble')]), 'shell': False}
[0.083712] (mujoco_msgs) StdoutLine: {'line': b'-- The C compiler identification is GNU 11.4.0\n'}
[0.084095] (communication) StdoutLine: {'line': b'-- The C compiler identification is GNU 11.4.0\n'}
[0.099729] (-) TimerEvent: {}
[0.124371] (mujoco_msgs) StdoutLine: {'line': b'-- The CXX compiler identification is GNU 11.4.0\n'}
[0.124509] (communication) StdoutLine: {'line': b'-- The CXX compiler identification is GNU 11.4.0\n'}
[0.128637] (mujoco_msgs) StdoutLine: {'line': b'-- Detecting C compiler ABI info\n'}
[0.128824] (communication) StdoutLine: {'line': b'-- Detecting C compiler ABI info\n'}
[0.173870] (mujoco_msgs) StdoutLine: {'line': b'-- Detecting C compiler ABI info - done\n'}
[0.174075] (communication) StdoutLine: {'line': b'-- Detecting C compiler ABI info - done\n'}
[0.179485] (mujoco_msgs) StdoutLine: {'line': b'-- Check for working C compiler: /usr/bin/cc - skipped\n'}
[0.179717] (communication) StdoutLine: {'line': b'-- Check for working C compiler: /usr/bin/cc - skipped\n'}
[0.179767] (communication) StdoutLine: {'line': b'-- Detecting C compile features\n'}
[0.179797] (mujoco_msgs) StdoutLine: {'line': b'-- Detecting C compile features\n'}
[0.179841] (communication) StdoutLine: {'line': b'-- Detecting C compile features - done\n'}
[0.180055] (mujoco_msgs) StdoutLine: {'line': b'-- Detecting C compile features - done\n'}
[0.182294] (communication) StdoutLine: {'line': b'-- Detecting CXX compiler ABI info\n'}
[0.183369] (mujoco_msgs) StdoutLine: {'line': b'-- Detecting CXX compiler ABI info\n'}
[0.199844] (-) TimerEvent: {}
[0.231590] (communication) StdoutLine: {'line': b'-- Detecting CXX compiler ABI info - done\n'}
[0.232502] (mujoco_msgs) StdoutLine: {'line': b'-- Detecting CXX compiler ABI info - done\n'}
[0.235991] (communication) StdoutLine: {'line': b'-- Check for working CXX compiler: /usr/bin/c++ - skipped\n'}
[0.236108] (communication) StdoutLine: {'line': b'-- Detecting CXX compile features\n'}
[0.236341] (communication) StdoutLine: {'line': b'-- Detecting CXX compile features - done\n'}
[0.236634] (mujoco_msgs) StdoutLine: {'line': b'-- Check for working CXX compiler: /usr/bin/c++ - skipped\n'}
[0.236748] (mujoco_msgs) StdoutLine: {'line': b'-- Detecting CXX compile features\n'}
[0.237004] (mujoco_msgs) StdoutLine: {'line': b'-- Detecting CXX compile features - done\n'}
[0.240086] (mujoco_msgs) StdoutLine: {'line': b'-- Found ament_cmake: 1.3.11 (/opt/ros/humble/share/ament_cmake/cmake)\n'}
[0.240138] (communication) StdoutLine: {'line': b'-- Found ament_cmake: 1.3.11 (/opt/ros/humble/share/ament_cmake/cmake)\n'}
[0.299948] (-) TimerEvent: {}
[0.341547] (mujoco_msgs) StdoutLine: {'line': b'-- Found Python3: /usr/bin/python3 (found version "3.10.12") found components: Interpreter \n'}
[0.346822] (communication) StdoutLine: {'line': b'-- Found Python3: /usr/bin/python3 (found version "3.10.12") found components: Interpreter \n'}
[0.379943] (mujoco_msgs) StdoutLine: {'line': b'-- Override CMake install command with custom implementation using symlinks instead of copying resources\n'}
[0.383374] (communication) StdoutLine: {'line': b'-- Override CMake install command with custom implementation using symlinks instead of copying resources\n'}
[0.400044] (-) TimerEvent: {}
[0.415930] (mujoco_msgs) StdoutLine: {'line': b'-- Found std_msgs: 4.2.4 (/opt/ros/humble/share/std_msgs/cmake)\n'}
[0.416980] (communication) StdoutLine: {'line': b'-- Found std_msgs: 4.2.4 (/opt/ros/humble/share/std_msgs/cmake)\n'}
[0.453471] (mujoco_msgs) StdoutLine: {'line': b'-- Found rosidl_generator_c: 3.1.6 (/opt/ros/humble/share/rosidl_generator_c/cmake)\n'}
[0.453589] (communication) StdoutLine: {'line': b'-- Found rosidl_generator_c: 3.1.6 (/opt/ros/humble/share/rosidl_generator_c/cmake)\n'}
[0.458829] (mujoco_msgs) StdoutLine: {'line': b'-- Found rosidl_adapter: 3.1.6 (/opt/ros/humble/share/rosidl_adapter/cmake)\n'}
[0.459888] (communication) StdoutLine: {'line': b'-- Found rosidl_adapter: 3.1.6 (/opt/ros/humble/share/rosidl_adapter/cmake)\n'}
[0.467380] (mujoco_msgs) StdoutLine: {'line': b'-- Found rosidl_generator_cpp: 3.1.6 (/opt/ros/humble/share/rosidl_generator_cpp/cmake)\n'}
[0.467496] (communication) StdoutLine: {'line': b'-- Found rosidl_generator_cpp: 3.1.6 (/opt/ros/humble/share/rosidl_generator_cpp/cmake)\n'}
[0.477454] (mujoco_msgs) StdoutLine: {'line': b'-- Using all available rosidl_typesupport_c: rosidl_typesupport_fastrtps_c;rosidl_typesupport_introspection_c\n'}
[0.477630] (communication) StdoutLine: {'line': b'-- Using all available rosidl_typesupport_c: rosidl_typesupport_fastrtps_c;rosidl_typesupport_introspection_c\n'}
[0.492030] (mujoco_msgs) StdoutLine: {'line': b'-- Using all available rosidl_typesupport_cpp: rosidl_typesupport_fastrtps_cpp;rosidl_typesupport_introspection_cpp\n'}
[0.492210] (communication) StdoutLine: {'line': b'-- Using all available rosidl_typesupport_cpp: rosidl_typesupport_fastrtps_cpp;rosidl_typesupport_introspection_cpp\n'}
[0.500132] (-) TimerEvent: {}
[0.513549] (mujoco_msgs) StdoutLine: {'line': b'-- Found nav_msgs: 4.2.4 (/opt/ros/humble/share/nav_msgs/cmake)\n'}
[0.514290] (communication) StdoutLine: {'line': b'-- Found geometry_msgs: 4.2.4 (/opt/ros/humble/share/geometry_msgs/cmake)\n'}
[0.524690] (communication) StdoutLine: {'line': b'-- Found sensor_msgs: 4.2.4 (/opt/ros/humble/share/sensor_msgs/cmake)\n'}
[0.536427] (mujoco_msgs) StdoutLine: {'line': b'-- Found rosidl_default_generators: 1.2.0 (/opt/ros/humble/share/rosidl_default_generators/cmake)\n'}
[0.537100] (communication) StdoutLine: {'line': b'-- Found rosidl_default_generators: 1.2.0 (/opt/ros/humble/share/rosidl_default_generators/cmake)\n'}
[0.600219] (-) TimerEvent: {}
[0.698286] (mujoco_msgs) StdoutLine: {'line': b'-- Found ament_cmake_ros: 0.10.0 (/opt/ros/humble/share/ament_cmake_ros/cmake)\n'}
[0.700307] (-) TimerEvent: {}
[0.745983] (communication) StdoutLine: {'line': b'-- Found ament_cmake_ros: 0.10.0 (/opt/ros/humble/share/ament_cmake_ros/cmake)\n'}
[0.800397] (-) TimerEvent: {}
[0.900600] (-) TimerEvent: {}
[0.936182] (mujoco_msgs) StdoutLine: {'line': b'-- Using all available rosidl_typesupport_c: rosidl_typesupport_fastrtps_c;rosidl_typesupport_introspection_c\n'}
[1.000717] (-) TimerEvent: {}
[1.026852] (mujoco_msgs) StdoutLine: {'line': b'-- Using all available rosidl_typesupport_cpp: rosidl_typesupport_fastrtps_cpp;rosidl_typesupport_introspection_cpp\n'}
[1.036753] (communication) StdoutLine: {'line': b'-- Using all available rosidl_typesupport_c: rosidl_typesupport_fastrtps_c;rosidl_typesupport_introspection_c\n'}
[1.041144] (mujoco_msgs) StdoutLine: {'line': b'-- Found PythonInterp: /usr/bin/python3 (found suitable version "3.10.12", minimum required is "3.6") \n'}
[1.044046] (mujoco_msgs) StdoutLine: {'line': b'-- Found python_cmake_module: 0.10.0 (/opt/ros/humble/share/python_cmake_module/cmake)\n'}
[1.063694] (mujoco_msgs) StdoutLine: {'line': b'-- Found PythonLibs: /usr/lib/x86_64-linux-gnu/libpython3.10.so (found suitable version "3.10.12", minimum required is "3.5") \n'}
[1.063812] (mujoco_msgs) StdoutLine: {'line': b'-- Using PYTHON_EXECUTABLE: /usr/bin/python3\n'}
[1.063842] (mujoco_msgs) StdoutLine: {'line': b'-- Using PYTHON_INCLUDE_DIRS: /usr/include/python3.10\n'}
[1.063867] (mujoco_msgs) StdoutLine: {'line': b'-- Using PYTHON_LIBRARIES: /usr/lib/x86_64-linux-gnu/libpython3.10.so\n'}
[1.076879] (mujoco_msgs) StdoutLine: {'line': b'-- Found PythonExtra: .so  \n'}
[1.100801] (-) TimerEvent: {}
[1.114378] (mujoco_msgs) StdoutLine: {'line': b'-- Configuring done\n'}
[1.132950] (mujoco_msgs) StdoutLine: {'line': b'-- Generating done\n'}
[1.139139] (mujoco_msgs) StdoutLine: {'line': b'-- Build files have been written to: /root/ros2_ws/build/mujoco_msgs\n'}
[1.144744] (mujoco_msgs) CommandEnded: {'returncode': 0}
[1.145574] (mujoco_msgs) JobProgress: {'identifier': 'mujoco_msgs', 'progress': 'build'}
[1.145819] (mujoco_msgs) Command: {'cmd': ['/usr/bin/cmake', '--build', '/root/ros2_ws/build/mujoco_msgs', '--', '-j16', '-l16'], 'cwd': '/root/ros2_ws/build/mujoco_msgs', 'env': OrderedDict([('HOSTNAME', 'nero-A52i'), ('SHLVL', '1'), ('LD_LIBRARY_PATH', '/usr/lib/x86_64-linux-gnu/gazebo-11/plugins:/opt/ros/humble/opt/rviz_ogre_vendor/lib:/opt/ros/humble/lib/x86_64-linux-gnu:/opt/ros/humble/lib'), ('HOME', '/root'), ('OLDPWD', '/root/ros2_ws/src'), ('ROS_PYTHON_VERSION', '3'), ('COLCON_PREFIX_PATH', '/root/ros2_ws/install'), ('ROS_DISTRO', 'humble'), ('_', '/usr/bin/colcon'), ('ROS_VERSION', '2'), ('TERM', 'xterm'), ('ROS_LOCALHOST_ONLY', '0'), ('PATH', '/opt/ros/humble/bin:/usr/local/sbin:/usr/local/bin:/usr/sbin:/usr/bin:/sbin:/bin'), ('XDG_RUNTIME_DIR', '/run/user/1000'), ('DISPLAY', ':1'), ('LANG', 'C.UTF-8'), ('XAUTHORITY', '/run/user/1000/gdm/Xauthority'), ('LS_COLORS', 'rs=0:di=01;34:ln=01;36:mh=00:pi=40;33:so=01;35:do=01;35:bd=40;33;01:cd=40;33;01:or=40;31;01:mi=00:su=37;41:sg=30;43:ca=30;41:tw=30;42:ow=34;42:st=37;44:ex=01;32:*.tar=01;31:*.tgz=01;31:*.arc=01;31:*.arj=01;31:*.taz=01;31:*.lha=01;31:*.lz4=01;31:*.lzh=01;31:*.lzma=01;31:*.tlz=01;31:*.txz=01;31:*.tzo=01;31:*.t7z=01;31:*.zip=01;31:*.z=01;31:*.dz=01;31:*.gz=01;31:*.lrz=01;31:*.lz=01;31:*.lzo=01;31:*.xz=01;31:*.zst=01;31:*.tzst=01;31:*.bz2=01;31:*.bz=01;31:*.tbz=01;31:*.tbz2=01;31:*.tz=01;31:*.deb=01;31:*.rpm=01;31:*.jar=01;31:*.war=01;31:*.ear=01;31:*.sar=01;31:*.rar=01;31:*.alz=01;31:*.ace=01;31:*.zoo=01;31:*.cpio=01;31:*.7z=01;31:*.rz=01;31:*.cab=01;31:*.wim=01;31:*.swm=01;31:*.dwm=01;31:*.esd=01;31:*.jpg=01;35:*.jpeg=01;35:*.mjpg=01;35:*.mjpeg=01;35:*.gif=01;35:*.bmp=01;35:*.pbm=01;35:*.pgm=01;35:*.ppm=01;35:*.tga=01;35:*.xbm=01;35:*.xpm=01;35:*.tif=01;35:*.tiff=01;35:*.png=01;35:*.svg=01;35:*.svgz=01;35:*.mng=01;35:*.pcx=01;35:*.mov=01;35:*.mpg=01;35:*.mpeg=01;35:*.m2v=01;35:*.mkv=01;35:*.webm=01;35:*.webp=01;35:*.ogm=01;35:*.mp4=01;35:*.m4v=01;35:*.mp4v=01;35:*.vob=01;35:*.qt=01;35:*.nuv=01;35:*.wmv=01;35:*.asf=01;35:*.rm=01;35:*.rmvb=01;35:*.flc=01;35:*.avi=01;35:*.fli=01;35:*.flv=01;35:*.gl=01;35:*.dl=01;35:*.xcf=01;35:*.xwd=01;35:*.yuv=01;35:*.cgm=01;35:*.emf=01;35:*.ogv=01;35:*.ogx=01;35:*.aac=00;36:*.au=00;36:*.flac=00;36:*.m4a=00;36:*.mid=00;36:*.midi=00;36:*.mka=00;36:*.mp3=00;36:*.mpc=00;36:*.ogg=00;36:*.ra=00;36:*.wav=00;36:*.oga=00;36:*.opus=00;36:*.spx=00;36:*.xspf=00;36:'), ('AMENT_PREFIX_PATH', '/opt/ros/humble'), ('PWD', '/root/ros2_ws/build/mujoco_msgs'), ('LC_ALL', 'C.UTF-8'), ('PYTHONPATH', '/opt/ros/humble/lib/python3.10/site-packages:/opt/ros/humble/local/lib/python3.10/dist-packages'), ('COLCON', '1'), ('CMAKE_PREFIX_PATH', '/opt/ros/humble')]), 'shell': False}
[1.146546] (communication) StdoutLine: {'line': b'-- Using all available rosidl_typesupport_cpp: rosidl_typesupport_fastrtps_cpp;rosidl_typesupport_introspection_cpp\n'}
[1.161219] (communication) StdoutLine: {'line': b'-- Found PythonInterp: /usr/bin/python3 (found suitable version "3.10.12", minimum required is "3.6") \n'}
[1.164361] (communication) StdoutLine: {'line': b'-- Found python_cmake_module: 0.10.0 (/opt/ros/humble/share/python_cmake_module/cmake)\n'}
[1.179477] (mujoco_msgs) StdoutLine: {'line': b'[  3%] \x1b[34m\x1b[1mGenerating C code for ROS interfaces\x1b[0m\n'}
[1.198960] (mujoco_msgs) StdoutLine: {'line': b'[  6%] \x1b[34m\x1b[1mGenerating C++ code for ROS interfaces\x1b[0m\n'}
[1.200942] (-) TimerEvent: {}
[1.208979] (communication) StdoutLine: {'line': b'-- Found PythonLibs: /usr/lib/x86_64-linux-gnu/libpython3.10.so (found suitable version "3.10.12", minimum required is "3.5") \n'}
[1.209297] (communication) StdoutLine: {'line': b'-- Using PYTHON_EXECUTABLE: /usr/bin/python3\n'}
[1.209476] (communication) StdoutLine: {'line': b'-- Using PYTHON_INCLUDE_DIRS: /usr/include/python3.10\n'}
[1.209623] (communication) StdoutLine: {'line': b'-- Using PYTHON_LIBRARIES: /usr/lib/x86_64-linux-gnu/libpython3.10.so\n'}
[1.211263] (mujoco_msgs) StdoutLine: {'line': b'[  6%] Built target ament_cmake_python_symlink_mujoco_msgs\n'}
[1.234832] (communication) StdoutLine: {'line': b'-- Found PythonExtra: .so  \n'}
[1.283992] (communication) StdoutLine: {'line': b'-- Configuring done\n'}
[1.301021] (-) TimerEvent: {}
[1.308597] (communication) StdoutLine: {'line': b'-- Generating done\n'}
[1.315910] (communication) StdoutLine: {'line': b'-- Build files have been written to: /root/ros2_ws/build/communication\n'}
[1.323353] (communication) CommandEnded: {'returncode': 0}
[1.323757] (communication) JobProgress: {'identifier': 'communication', 'progress': 'build'}
[1.324060] (communication) Command: {'cmd': ['/usr/bin/cmake', '--build', '/root/ros2_ws/build/communication', '--', '-j16', '-l16'], 'cwd': '/root/ros2_ws/build/communication', 'env': OrderedDict([('HOSTNAME', 'nero-A52i'), ('SHLVL', '1'), ('LD_LIBRARY_PATH', '/usr/lib/x86_64-linux-gnu/gazebo-11/plugins:/opt/ros/humble/opt/rviz_ogre_vendor/lib:/opt/ros/humble/lib/x86_64-linux-gnu:/opt/ros/humble/lib'), ('HOME', '/root'), ('OLDPWD', '/root/ros2_ws/src'), ('ROS_PYTHON_VERSION', '3'), ('COLCON_PREFIX_PATH', '/root/ros2_ws/install'), ('ROS_DISTRO', 'humble'), ('_', '/usr/bin/colcon'), ('ROS_VERSION', '2'), ('TERM', 'xterm'), ('ROS_LOCALHOST_ONLY', '0'), ('PATH', '/opt/ros/humble/bin:/usr/local/sbin:/usr/local/bin:/usr/sbin:/usr/bin:/sbin:/bin'), ('XDG_RUNTIME_DIR', '/run/user/1000'), ('DISPLAY', ':1'), ('LANG', 'C.UTF-8'), ('XAUTHORITY', '/run/user/1000/gdm/Xauthority'), ('LS_COLORS', 'rs=0:di=01;34:ln=01;36:mh=00:pi=40;33:so=01;35:do=01;35:bd=40;33;01:cd=40;33;01:or=40;31;01:mi=00:su=37;41:sg=30;43:ca=30;41:tw=30;42:ow=34;42:st=37;44:ex=01;32:*.tar=01;31:*.tgz=01;31:*.arc=01;31:*.arj=01;31:*.taz=01;31:*.lha=01;31:*.lz4=01;31:*.lzh=01;31:*.lzma=01;31:*.tlz=01;31:*.txz=01;31:*.tzo=01;31:*.t7z=01;31:*.zip=01;31:*.z=01;31:*.dz=01;31:*.gz=01;31:*.lrz=01;31:*.lz=01;31:*.lzo=01;31:*.xz=01;31:*.zst=01;31:*.tzst=01;31:*.bz2=01;31:*.bz=01;31:*.tbz=01;31:*.tbz2=01;31:*.tz=01;31:*.deb=01;31:*.rpm=01;31:*.jar=01;31:*.war=01;31:*.ear=01;31:*.sar=01;31:*.rar=01;31:*.alz=01;31:*.ace=01;31:*.zoo=01;31:*.cpio=01;31:*.7z=01;31:*.rz=01;31:*.cab=01;31:*.wim=01;31:*.swm=01;31:*.dwm=01;31:*.esd=01;31:*.jpg=01;35:*.jpeg=01;35:*.mjpg=01;35:*.mjpeg=01;35:*.gif=01;35:*.bmp=01;35:*.pbm=01;35:*.pgm=01;35:*.ppm=01;35:*.tga=01;35:*.xbm=01;35:*.xpm=01;35:*.tif=01;35:*.tiff=01;35:*.png=01;35:*.svg=01;35:*.svgz=01;35:*.mng=01;35:*.pcx=01;35:*.mov=01;35:*.mpg=01;35:*.mpeg=01;35:*.m2v=01;35:*.mkv=01;35:*.webm=01;35:*.webp=01;35:*.ogm=01;35:*.mp4=01;35:*.m4v=01;35:*.mp4v=01;35:*.vob=01;35:*.qt=01;35:*.nuv=01;35:*.wmv=01;35:*.asf=01;35:*.rm=01;35:*.rmvb=01;35:*.flc=01;35:*.avi=01;35:*.fli=01;35:*.flv=01;35:*.gl=01;35:*.dl=01;35:*.xcf=01;35:*.xwd=01;35:*.yuv=01;35:*.cgm=01;35:*.emf=01;35:*.ogv=01;35:*.ogx=01;35:*.aac=00;36:*.au=00;36:*.flac=00;36:*.m4a=00;36:*.mid=00;36:*.midi=00;36:*.mka=00;36:*.mp3=00;36:*.mpc=00;36:*.ogg=00;36:*.ra=00;36:*.wav=00;36:*.oga=00;36:*.opus=00;36:*.spx=00;36:*.xspf=00;36:'), ('AMENT_PREFIX_PATH', '/opt/ros/humble'), ('PWD', '/root/ros2_ws/build/communication'), ('LC_ALL', 'C.UTF-8'), ('PYTHONPATH', '/opt/ros/humble/lib/python3.10/site-packages:/opt/ros/humble/local/lib/python3.10/dist-packages'), ('COLCON', '1'), ('CMAKE_PREFIX_PATH', '/opt/ros/humble')]), 'shell': False}
[1.347637] (mujoco_msgs) StdoutLine: {'line': b'[  6%] Built target mujoco_msgs__cpp\n'}
[1.353204] (mujoco_msgs) StdoutLine: {'line': b'[  9%] \x1b[32mBuilding C object CMakeFiles/mujoco_msgs__rosidl_generator_c.dir/rosidl_generator_c/mujoco_msgs/msg/detail/control__functions.c.o\x1b[0m\n'}
[1.353548] (communication) StdoutLine: {'line': b'[  1%] \x1b[34m\x1b[1mGenerating C code for ROS interfaces\x1b[0m\n'}
[1.353752] (mujoco_msgs) StdoutLine: {'line': b'[ 12%] \x1b[34m\x1b[1mGenerating C++ type support for eProsima Fast-RTPS\x1b[0m\n'}
[1.355380] (mujoco_msgs) StdoutLine: {'line': b'[ 16%] \x1b[34m\x1b[1mGenerating C++ introspection for ROS interfaces\x1b[0m\n'}
[1.356329] (mujoco_msgs) StdoutLine: {'line': b'[ 19%] \x1b[34m\x1b[1mGenerating C++ type support dispatch for ROS interfaces\x1b[0m\n'}
[1.359748] (mujoco_msgs) StdoutLine: {'line': b'running egg_info\n'}
[1.360522] (mujoco_msgs) StdoutLine: {'line': b'creating mujoco_msgs.egg-info\n'}
[1.360654] (mujoco_msgs) StdoutLine: {'line': b'writing mujoco_msgs.egg-info/PKG-INFO\n'}
[1.360715] (mujoco_msgs) StdoutLine: {'line': b'writing dependency_links to mujoco_msgs.egg-info/dependency_links.txt\n'}
[1.360801] (mujoco_msgs) StdoutLine: {'line': b'writing top-level names to mujoco_msgs.egg-info/top_level.txt\n'}
[1.360978] (mujoco_msgs) StdoutLine: {'line': b"writing manifest file 'mujoco_msgs.egg-info/SOURCES.txt'\n"}
[1.362879] (mujoco_msgs) StdoutLine: {'line': b"reading manifest file 'mujoco_msgs.egg-info/SOURCES.txt'\n"}
[1.363969] (mujoco_msgs) StdoutLine: {'line': b"writing manifest file 'mujoco_msgs.egg-info/SOURCES.txt'\n"}
[1.364249] (communication) StdoutLine: {'line': b'[  1%] Built target ament_cmake_python_symlink_communication\n'}
[1.365304] (communication) StdoutLine: {'line': b'[  3%] \x1b[34m\x1b[1mGenerating C++ code for ROS interfaces\x1b[0m\n'}
[1.381911] (mujoco_msgs) StdoutLine: {'line': b'[ 19%] Built target ament_cmake_python_build_mujoco_msgs_egg\n'}
[1.383054] (mujoco_msgs) StdoutLine: {'line': b'[ 22%] \x1b[32m\x1b[1mLinking C shared library libmujoco_msgs__rosidl_generator_c.so\x1b[0m\n'}
[1.401107] (-) TimerEvent: {}
[1.408339] (mujoco_msgs) StdoutLine: {'line': b'[ 22%] Built target mujoco_msgs__rosidl_generator_c\n'}
[1.414630] (mujoco_msgs) StdoutLine: {'line': b'[ 25%] \x1b[34m\x1b[1mGenerating C type support for eProsima Fast-RTPS\x1b[0m\n'}
[1.414790] (mujoco_msgs) StdoutLine: {'line': b'[ 29%] \x1b[34m\x1b[1mGenerating C introspection for ROS interfaces\x1b[0m\n'}
[1.417605] (mujoco_msgs) StdoutLine: {'line': b'[ 32%] \x1b[34m\x1b[1mGenerating C type support dispatch for ROS interfaces\x1b[0m\n'}
[1.501194] (-) TimerEvent: {}
[1.510431] (mujoco_msgs) StdoutLine: {'line': b'[ 35%] \x1b[32mBuilding CXX object CMakeFiles/mujoco_msgs__rosidl_typesupport_introspection_cpp.dir/rosidl_typesupport_introspection_cpp/mujoco_msgs/msg/detail/control__type_support.cpp.o\x1b[0m\n'}
[1.513843] (communication) StdoutLine: {'line': b'running egg_info\n'}
[1.514227] (communication) StdoutLine: {'line': b'creating communication.egg-info\n'}
[1.514396] (communication) StdoutLine: {'line': b'writing communication.egg-info/PKG-INFO\n'}
[1.514495] (communication) StdoutLine: {'line': b'writing dependency_links to communication.egg-info/dependency_links.txt\n'}
[1.514598] (communication) StdoutLine: {'line': b'writing top-level names to communication.egg-info/top_level.txt\n'}
[1.514699] (communication) StdoutLine: {'line': b"writing manifest file 'communication.egg-info/SOURCES.txt'\n"}
[1.515864] (communication) StdoutLine: {'line': b"reading manifest file 'communication.egg-info/SOURCES.txt'\n"}
[1.516177] (communication) StdoutLine: {'line': b"writing manifest file 'communication.egg-info/SOURCES.txt'\n"}
[1.535615] (communication) StdoutLine: {'line': b'[  3%] Built target ament_cmake_python_build_communication_egg\n'}
[1.558833] (mujoco_msgs) StdoutLine: {'line': b'[ 38%] \x1b[32mBuilding CXX object CMakeFiles/mujoco_msgs__rosidl_typesupport_fastrtps_cpp.dir/rosidl_typesupport_fastrtps_cpp/mujoco_msgs/msg/detail/dds_fastrtps/control__type_support.cpp.o\x1b[0m\n'}
[1.560960] (mujoco_msgs) StdoutLine: {'line': b'[ 41%] \x1b[32mBuilding CXX object CMakeFiles/mujoco_msgs__rosidl_typesupport_c.dir/rosidl_typesupport_c/mujoco_msgs/msg/control__type_support.cpp.o\x1b[0m\n'}
[1.565741] (mujoco_msgs) StdoutLine: {'line': b'[ 45%] \x1b[32mBuilding CXX object CMakeFiles/mujoco_msgs__rosidl_typesupport_cpp.dir/rosidl_typesupport_cpp/mujoco_msgs/msg/control__type_support.cpp.o\x1b[0m\n'}
[1.578630] (mujoco_msgs) StdoutLine: {'line': b'[ 48%] \x1b[32mBuilding CXX object CMakeFiles/mujoco_msgs__rosidl_typesupport_fastrtps_c.dir/rosidl_typesupport_fastrtps_c/mujoco_msgs/msg/detail/control__type_support_c.cpp.o\x1b[0m\n'}
[1.578810] (mujoco_msgs) StdoutLine: {'line': b'[ 51%] \x1b[32m\x1b[1mLinking CXX shared library libmujoco_msgs__rosidl_typesupport_c.so\x1b[0m\n'}
[1.579719] (mujoco_msgs) StdoutLine: {'line': b'[ 54%] \x1b[32mBuilding C object CMakeFiles/mujoco_msgs__rosidl_typesupport_introspection_c.dir/rosidl_typesupport_introspection_c/mujoco_msgs/msg/detail/control__type_support.c.o\x1b[0m\n'}
[1.601309] (-) TimerEvent: {}
[1.601907] (mujoco_msgs) StdoutLine: {'line': b'[ 58%] \x1b[32m\x1b[1mLinking C shared library libmujoco_msgs__rosidl_typesupport_introspection_c.so\x1b[0m\n'}
[1.606806] (mujoco_msgs) StdoutLine: {'line': b'[ 58%] Built target mujoco_msgs__rosidl_typesupport_c\n'}
[1.624339] (mujoco_msgs) StdoutLine: {'line': b'[ 58%] Built target mujoco_msgs__rosidl_typesupport_introspection_c\n'}
[1.700398] (communication) StdoutLine: {'line': b'[  3%] Built target communication__cpp\n'}
[1.701382] (-) TimerEvent: {}
[1.707394] (communication) StdoutLine: {'line': b'[  4%] \x1b[34m\x1b[1mGenerating C++ type support dispatch for ROS interfaces\x1b[0m\n'}
[1.709453] (communication) StdoutLine: {'line': b'[  6%] \x1b[34m\x1b[1mGenerating C++ introspection for ROS interfaces\x1b[0m\n'}
[1.709642] (communication) StdoutLine: {'line': b'[  7%] \x1b[34m\x1b[1mGenerating C++ type support for eProsima Fast-RTPS\x1b[0m\n'}
[1.727560] (mujoco_msgs) StdoutLine: {'line': b'[ 61%] \x1b[32m\x1b[1mLinking CXX shared library libmujoco_msgs__rosidl_typesupport_cpp.so\x1b[0m\n'}
[1.746297] (mujoco_msgs) StdoutLine: {'line': b'[ 64%] \x1b[32m\x1b[1mLinking CXX shared library libmujoco_msgs__rosidl_typesupport_introspection_cpp.so\x1b[0m\n'}
[1.754418] (mujoco_msgs) StdoutLine: {'line': b'[ 64%] Built target mujoco_msgs__rosidl_typesupport_cpp\n'}
[1.799301] (mujoco_msgs) StdoutLine: {'line': b'[ 64%] Built target mujoco_msgs__rosidl_typesupport_introspection_cpp\n'}
[1.801466] (-) TimerEvent: {}
[1.802178] (communication) StdoutLine: {'line': b'[  9%] \x1b[32mBuilding C object CMakeFiles/communication__rosidl_generator_c.dir/rosidl_generator_c/communication/msg/detail/motion_commands__functions.c.o\x1b[0m\n'}
[1.802545] (communication) StdoutLine: {'line': b'[ 11%] \x1b[32mBuilding C object CMakeFiles/communication__rosidl_generator_c.dir/rosidl_generator_c/communication/srv/detail/gait_switch__functions.c.o\x1b[0m\n'}
[1.802720] (communication) StdoutLine: {'line': b'[ 12%] \x1b[32mBuilding C object CMakeFiles/communication__rosidl_generator_c.dir/rosidl_generator_c/communication/msg/detail/actuator_cmds__functions.c.o\x1b[0m\n'}
[1.803177] (communication) StdoutLine: {'line': b'[ 14%] \x1b[32mBuilding C object CMakeFiles/communication__rosidl_generator_c.dir/rosidl_generator_c/communication/msg/detail/touch_sensor__functions.c.o\x1b[0m\n'}
[1.804510] (communication) StdoutLine: {'line': b'[ 15%] \x1b[32mBuilding C object CMakeFiles/communication__rosidl_generator_c.dir/rosidl_generator_c/communication/srv/detail/simulation_reset__functions.c.o\x1b[0m\n'}
[1.845344] (mujoco_msgs) StdoutLine: {'line': b'[ 67%] \x1b[32m\x1b[1mLinking CXX shared library libmujoco_msgs__rosidl_typesupport_fastrtps_cpp.so\x1b[0m\n'}
[1.850983] (communication) StdoutLine: {'line': b'[ 17%] \x1b[32m\x1b[1mLinking C shared library libcommunication__rosidl_generator_c.so\x1b[0m\n'}
[1.852117] (mujoco_msgs) StdoutLine: {'line': b'[ 70%] \x1b[32m\x1b[1mLinking CXX shared library libmujoco_msgs__rosidl_typesupport_fastrtps_c.so\x1b[0m\n'}
[1.877281] (communication) StdoutLine: {'line': b'[ 17%] Built target communication__rosidl_generator_c\n'}
[1.885924] (communication) StdoutLine: {'line': b'[ 19%] \x1b[34m\x1b[1mGenerating C type support for eProsima Fast-RTPS\x1b[0m\n'}
[1.886519] (communication) StdoutLine: {'line': b'[ 20%] \x1b[34m\x1b[1mGenerating C type support dispatch for ROS interfaces\x1b[0m\n'}
[1.888312] (communication) StdoutLine: {'line': b'[ 22%] \x1b[34m\x1b[1mGenerating C introspection for ROS interfaces\x1b[0m\n'}
[1.901571] (-) TimerEvent: {}
[1.903150] (mujoco_msgs) StdoutLine: {'line': b'[ 70%] Built target mujoco_msgs__rosidl_typesupport_fastrtps_cpp\n'}
[1.924548] (mujoco_msgs) StdoutLine: {'line': b'[ 70%] Built target mujoco_msgs__rosidl_typesupport_fastrtps_c\n'}
[1.941681] (mujoco_msgs) StdoutLine: {'line': b'[ 70%] Built target mujoco_msgs\n'}
[1.952671] (communication) StdoutLine: {'line': b'[ 23%] \x1b[32mBuilding CXX object CMakeFiles/communication__rosidl_typesupport_cpp.dir/rosidl_typesupport_cpp/communication/srv/simulation_reset__type_support.cpp.o\x1b[0m\n'}
[1.953315] (communication) StdoutLine: {'line': b'[ 25%] \x1b[32mBuilding CXX object CMakeFiles/communication__rosidl_typesupport_cpp.dir/rosidl_typesupport_cpp/communication/msg/actuator_cmds__type_support.cpp.o\x1b[0m\n'}
[1.953435] (communication) StdoutLine: {'line': b'[ 26%] \x1b[32mBuilding CXX object CMakeFiles/communication__rosidl_typesupport_cpp.dir/rosidl_typesupport_cpp/communication/msg/motion_commands__type_support.cpp.o\x1b[0m\n'}
[1.953495] (communication) StdoutLine: {'line': b'[ 28%] \x1b[32mBuilding CXX object CMakeFiles/communication__rosidl_typesupport_cpp.dir/rosidl_typesupport_cpp/communication/msg/touch_sensor__type_support.cpp.o\x1b[0m\n'}
[1.953545] (communication) StdoutLine: {'line': b'[ 30%] \x1b[32mBuilding CXX object CMakeFiles/communication__rosidl_typesupport_cpp.dir/rosidl_typesupport_cpp/communication/srv/gait_switch__type_support.cpp.o\x1b[0m\n'}
[1.961714] (mujoco_msgs) StdoutLine: {'line': b'[ 74%] \x1b[34m\x1b[1mGenerating Python code for ROS interfaces\x1b[0m\n'}
[2.001663] (-) TimerEvent: {}
[2.021954] (communication) StdoutLine: {'line': b'[ 31%] \x1b[32mBuilding CXX object CMakeFiles/communication__rosidl_typesupport_introspection_cpp.dir/rosidl_typesupport_introspection_cpp/communication/msg/detail/actuator_cmds__type_support.cpp.o\x1b[0m\n'}
[2.022151] (communication) StdoutLine: {'line': b'[ 33%] \x1b[32mBuilding CXX object CMakeFiles/communication__rosidl_typesupport_introspection_cpp.dir/rosidl_typesupport_introspection_cpp/communication/msg/detail/touch_sensor__type_support.cpp.o\x1b[0m\n'}
[2.022309] (communication) StdoutLine: {'line': b'[ 34%] \x1b[32mBuilding CXX object CMakeFiles/communication__rosidl_typesupport_introspection_cpp.dir/rosidl_typesupport_introspection_cpp/communication/msg/detail/motion_commands__type_support.cpp.o\x1b[0m\n'}
[2.022434] (communication) StdoutLine: {'line': b'[ 36%] \x1b[32mBuilding CXX object CMakeFiles/communication__rosidl_typesupport_introspection_cpp.dir/rosidl_typesupport_introspection_cpp/communication/srv/detail/simulation_reset__type_support.cpp.o\x1b[0m\n'}
[2.028032] (communication) StdoutLine: {'line': b'[ 38%] \x1b[32mBuilding CXX object CMakeFiles/communication__rosidl_typesupport_introspection_cpp.dir/rosidl_typesupport_introspection_cpp/communication/srv/detail/gait_switch__type_support.cpp.o\x1b[0m\n'}
[2.069975] (communication) StdoutLine: {'line': b'[ 39%] \x1b[32mBuilding CXX object CMakeFiles/communication__rosidl_typesupport_fastrtps_cpp.dir/rosidl_typesupport_fastrtps_cpp/communication/msg/detail/dds_fastrtps/motion_commands__type_support.cpp.o\x1b[0m\n'}
[2.074681] (communication) StdoutLine: {'line': b'[ 41%] \x1b[32mBuilding CXX object CMakeFiles/communication__rosidl_typesupport_fastrtps_cpp.dir/rosidl_typesupport_fastrtps_cpp/communication/msg/detail/dds_fastrtps/actuator_cmds__type_support.cpp.o\x1b[0m\n'}
[2.082437] (communication) StdoutLine: {'line': b'[ 42%] \x1b[32mBuilding CXX object CMakeFiles/communication__rosidl_typesupport_fastrtps_cpp.dir/rosidl_typesupport_fastrtps_cpp/communication/msg/detail/dds_fastrtps/touch_sensor__type_support.cpp.o\x1b[0m\n'}
[2.101785] (-) TimerEvent: {}
[2.204452] (-) TimerEvent: {}
[2.215324] (communication) StdoutLine: {'line': b'[ 44%] \x1b[32mBuilding CXX object CMakeFiles/communication__rosidl_typesupport_fastrtps_cpp.dir/rosidl_typesupport_fastrtps_cpp/communication/srv/detail/dds_fastrtps/simulation_reset__type_support.cpp.o\x1b[0m\n'}
[2.229501] (communication) StdoutLine: {'line': b'[ 46%] \x1b[32mBuilding CXX object CMakeFiles/communication__rosidl_typesupport_fastrtps_cpp.dir/rosidl_typesupport_fastrtps_cpp/communication/srv/detail/dds_fastrtps/gait_switch__type_support.cpp.o\x1b[0m\n'}
[2.304546] (-) TimerEvent: {}
[2.325294] (communication) StdoutLine: {'line': b'[ 47%] \x1b[32mBuilding CXX object CMakeFiles/communication__rosidl_typesupport_c.dir/rosidl_typesupport_c/communication/msg/actuator_cmds__type_support.cpp.o\x1b[0m\n'}
[2.345510] (communication) StdoutLine: {'line': b'[ 49%] \x1b[32m\x1b[1mLinking CXX shared library libcommunication__rosidl_typesupport_cpp.so\x1b[0m\n'}
[2.358371] (communication) StdoutLine: {'line': b'[ 50%] \x1b[32mBuilding CXX object CMakeFiles/communication__rosidl_typesupport_c.dir/rosidl_typesupport_c/communication/msg/motion_commands__type_support.cpp.o\x1b[0m\n'}
[2.382389] (communication) StdoutLine: {'line': b'[ 52%] \x1b[32mBuilding CXX object CMakeFiles/communication__rosidl_typesupport_c.dir/rosidl_typesupport_c/communication/msg/touch_sensor__type_support.cpp.o\x1b[0m\n'}
[2.382682] (communication) StdoutLine: {'line': b'[ 53%] \x1b[32mBuilding CXX object CMakeFiles/communication__rosidl_typesupport_c.dir/rosidl_typesupport_c/communication/srv/simulation_reset__type_support.cpp.o\x1b[0m\n'}
[2.394276] (mujoco_msgs) StdoutLine: {'line': b'[ 74%] Built target mujoco_msgs__py\n'}
[2.404661] (-) TimerEvent: {}
[2.406282] (communication) StdoutLine: {'line': b'[ 55%] \x1b[32mBuilding CXX object CMakeFiles/communication__rosidl_typesupport_fastrtps_c.dir/rosidl_typesupport_fastrtps_c/communication/msg/detail/actuator_cmds__type_support_c.cpp.o\x1b[0m\n'}
[2.410227] (communication) StdoutLine: {'line': b'[ 57%] \x1b[32mBuilding CXX object CMakeFiles/communication__rosidl_typesupport_fastrtps_c.dir/rosidl_typesupport_fastrtps_c/communication/msg/detail/motion_commands__type_support_c.cpp.o\x1b[0m\n'}
[2.413023] (communication) StdoutLine: {'line': b'[ 58%] \x1b[32mBuilding CXX object CMakeFiles/communication__rosidl_typesupport_c.dir/rosidl_typesupport_c/communication/srv/gait_switch__type_support.cpp.o\x1b[0m\n'}
[2.415991] (communication) StdoutLine: {'line': b'[ 58%] Built target communication__rosidl_typesupport_cpp\n'}
[2.421380] (mujoco_msgs) StdoutLine: {'line': b'[ 77%] \x1b[32mBuilding C object CMakeFiles/mujoco_msgs__rosidl_generator_py.dir/rosidl_generator_py/mujoco_msgs/msg/_control_s.c.o\x1b[0m\n'}
[2.429158] (communication) StdoutLine: {'line': b'[ 60%] \x1b[32mBuilding CXX object CMakeFiles/communication__rosidl_typesupport_fastrtps_c.dir/rosidl_typesupport_fastrtps_c/communication/msg/detail/touch_sensor__type_support_c.cpp.o\x1b[0m\n'}
[2.429349] (communication) StdoutLine: {'line': b'[ 61%] \x1b[32mBuilding CXX object CMakeFiles/communication__rosidl_typesupport_fastrtps_c.dir/rosidl_typesupport_fastrtps_c/communication/srv/detail/simulation_reset__type_support_c.cpp.o\x1b[0m\n'}
[2.429679] (communication) StdoutLine: {'line': b'[ 63%] \x1b[32mBuilding CXX object CMakeFiles/communication__rosidl_typesupport_fastrtps_c.dir/rosidl_typesupport_fastrtps_c/communication/srv/detail/gait_switch__type_support_c.cpp.o\x1b[0m\n'}
[2.463974] (communication) StdoutLine: {'line': b'[ 65%] \x1b[32m\x1b[1mLinking CXX shared library libcommunication__rosidl_typesupport_c.so\x1b[0m\n'}
[2.464496] (communication) StdoutLine: {'line': b'[ 66%] \x1b[32mBuilding C object CMakeFiles/communication__rosidl_typesupport_introspection_c.dir/rosidl_typesupport_introspection_c/communication/msg/detail/actuator_cmds__type_support.c.o\x1b[0m\n'}
[2.488762] (communication) StdoutLine: {'line': b'[ 68%] \x1b[32mBuilding C object CMakeFiles/communication__rosidl_typesupport_introspection_c.dir/rosidl_typesupport_introspection_c/communication/msg/detail/motion_commands__type_support.c.o\x1b[0m\n'}
[2.491421] (communication) StdoutLine: {'line': b'[ 69%] \x1b[32mBuilding C object CMakeFiles/communication__rosidl_typesupport_introspection_c.dir/rosidl_typesupport_introspection_c/communication/msg/detail/touch_sensor__type_support.c.o\x1b[0m\n'}
[2.499300] (communication) StdoutLine: {'line': b'[ 71%] \x1b[32mBuilding C object CMakeFiles/communication__rosidl_typesupport_introspection_c.dir/rosidl_typesupport_introspection_c/communication/srv/detail/simulation_reset__type_support.c.o\x1b[0m\n'}
[2.504765] (-) TimerEvent: {}
[2.519713] (communication) StdoutLine: {'line': b'[ 71%] Built target communication__rosidl_typesupport_c\n'}
[2.526700] (communication) StdoutLine: {'line': b'[ 73%] \x1b[32mBuilding C object CMakeFiles/communication__rosidl_typesupport_introspection_c.dir/rosidl_typesupport_introspection_c/communication/srv/detail/gait_switch__type_support.c.o\x1b[0m\n'}
[2.538136] (mujoco_msgs) StdoutLine: {'line': b'[ 80%] \x1b[32m\x1b[1mLinking C shared library rosidl_generator_py/mujoco_msgs/libmujoco_msgs__rosidl_generator_py.so\x1b[0m\n'}
[2.554998] (communication) StdoutLine: {'line': b'[ 74%] \x1b[32m\x1b[1mLinking CXX shared library libcommunication__rosidl_typesupport_introspection_cpp.so\x1b[0m\n'}
[2.559591] (communication) StdoutLine: {'line': b'[ 76%] \x1b[32m\x1b[1mLinking C shared library libcommunication__rosidl_typesupport_introspection_c.so\x1b[0m\n'}
[2.580118] (mujoco_msgs) StdoutLine: {'line': b'[ 80%] Built target mujoco_msgs__rosidl_generator_py\n'}
[2.596868] (communication) StdoutLine: {'line': b'[ 76%] Built target communication__rosidl_typesupport_introspection_c\n'}
[2.598455] (mujoco_msgs) StdoutLine: {'line': b'[ 83%] \x1b[32mBuilding C object CMakeFiles/mujoco_msgs__rosidl_typesupport_introspection_c__pyext.dir/rosidl_generator_py/mujoco_msgs/_mujoco_msgs_s.ep.rosidl_typesupport_introspection_c.c.o\x1b[0m\n'}
[2.602628] (mujoco_msgs) StdoutLine: {'line': b'[ 87%] \x1b[32mBuilding C object CMakeFiles/mujoco_msgs__rosidl_typesupport_fastrtps_c__pyext.dir/rosidl_generator_py/mujoco_msgs/_mujoco_msgs_s.ep.rosidl_typesupport_fastrtps_c.c.o\x1b[0m\n'}
[2.605342] (mujoco_msgs) StdoutLine: {'line': b'[ 90%] \x1b[32mBuilding C object CMakeFiles/mujoco_msgs__rosidl_typesupport_c__pyext.dir/rosidl_generator_py/mujoco_msgs/_mujoco_msgs_s.ep.rosidl_typesupport_c.c.o\x1b[0m\n'}
[2.605539] (-) TimerEvent: {}
[2.629206] (communication) StdoutLine: {'line': b'[ 76%] Built target communication__rosidl_typesupport_introspection_cpp\n'}
[2.674461] (mujoco_msgs) StdoutLine: {'line': b'[ 93%] \x1b[32m\x1b[1mLinking C shared library rosidl_generator_py/mujoco_msgs/mujoco_msgs_s__rosidl_typesupport_c.cpython-310-x86_64-linux-gnu.so\x1b[0m\n'}
[2.674702] (mujoco_msgs) StdoutLine: {'line': b'[ 96%] \x1b[32m\x1b[1mLinking C shared library rosidl_generator_py/mujoco_msgs/mujoco_msgs_s__rosidl_typesupport_introspection_c.cpython-310-x86_64-linux-gnu.so\x1b[0m\n'}
[2.676464] (mujoco_msgs) StdoutLine: {'line': b'[100%] \x1b[32m\x1b[1mLinking C shared library rosidl_generator_py/mujoco_msgs/mujoco_msgs_s__rosidl_typesupport_fastrtps_c.cpython-310-x86_64-linux-gnu.so\x1b[0m\n'}
[2.705608] (mujoco_msgs) StdoutLine: {'line': b'[100%] Built target mujoco_msgs__rosidl_typesupport_fastrtps_c__pyext\n'}
[2.705862] (-) TimerEvent: {}
[2.706005] (communication) StdoutLine: {'line': b'[ 77%] \x1b[32m\x1b[1mLinking CXX shared library libcommunication__rosidl_typesupport_fastrtps_cpp.so\x1b[0m\n'}
[2.709421] (mujoco_msgs) StdoutLine: {'line': b'[100%] Built target mujoco_msgs__rosidl_typesupport_c__pyext\n'}
[2.709690] (mujoco_msgs) StdoutLine: {'line': b'[100%] Built target mujoco_msgs__rosidl_typesupport_introspection_c__pyext\n'}
[2.718721] (mujoco_msgs) CommandEnded: {'returncode': 0}
[2.719226] (mujoco_msgs) JobProgress: {'identifier': 'mujoco_msgs', 'progress': 'install'}
[2.725489] (mujoco_msgs) Command: {'cmd': ['/usr/bin/cmake', '--install', '/root/ros2_ws/build/mujoco_msgs'], 'cwd': '/root/ros2_ws/build/mujoco_msgs', 'env': OrderedDict([('HOSTNAME', 'nero-A52i'), ('SHLVL', '1'), ('LD_LIBRARY_PATH', '/usr/lib/x86_64-linux-gnu/gazebo-11/plugins:/opt/ros/humble/opt/rviz_ogre_vendor/lib:/opt/ros/humble/lib/x86_64-linux-gnu:/opt/ros/humble/lib'), ('HOME', '/root'), ('OLDPWD', '/root/ros2_ws/src'), ('ROS_PYTHON_VERSION', '3'), ('COLCON_PREFIX_PATH', '/root/ros2_ws/install'), ('ROS_DISTRO', 'humble'), ('_', '/usr/bin/colcon'), ('ROS_VERSION', '2'), ('TERM', 'xterm'), ('ROS_LOCALHOST_ONLY', '0'), ('PATH', '/opt/ros/humble/bin:/usr/local/sbin:/usr/local/bin:/usr/sbin:/usr/bin:/sbin:/bin'), ('XDG_RUNTIME_DIR', '/run/user/1000'), ('DISPLAY', ':1'), ('LANG', 'C.UTF-8'), ('XAUTHORITY', '/run/user/1000/gdm/Xauthority'), ('LS_COLORS', 'rs=0:di=01;34:ln=01;36:mh=00:pi=40;33:so=01;35:do=01;35:bd=40;33;01:cd=40;33;01:or=40;31;01:mi=00:su=37;41:sg=30;43:ca=30;41:tw=30;42:ow=34;42:st=37;44:ex=01;32:*.tar=01;31:*.tgz=01;31:*.arc=01;31:*.arj=01;31:*.taz=01;31:*.lha=01;31:*.lz4=01;31:*.lzh=01;31:*.lzma=01;31:*.tlz=01;31:*.txz=01;31:*.tzo=01;31:*.t7z=01;31:*.zip=01;31:*.z=01;31:*.dz=01;31:*.gz=01;31:*.lrz=01;31:*.lz=01;31:*.lzo=01;31:*.xz=01;31:*.zst=01;31:*.tzst=01;31:*.bz2=01;31:*.bz=01;31:*.tbz=01;31:*.tbz2=01;31:*.tz=01;31:*.deb=01;31:*.rpm=01;31:*.jar=01;31:*.war=01;31:*.ear=01;31:*.sar=01;31:*.rar=01;31:*.alz=01;31:*.ace=01;31:*.zoo=01;31:*.cpio=01;31:*.7z=01;31:*.rz=01;31:*.cab=01;31:*.wim=01;31:*.swm=01;31:*.dwm=01;31:*.esd=01;31:*.jpg=01;35:*.jpeg=01;35:*.mjpg=01;35:*.mjpeg=01;35:*.gif=01;35:*.bmp=01;35:*.pbm=01;35:*.pgm=01;35:*.ppm=01;35:*.tga=01;35:*.xbm=01;35:*.xpm=01;35:*.tif=01;35:*.tiff=01;35:*.png=01;35:*.svg=01;35:*.svgz=01;35:*.mng=01;35:*.pcx=01;35:*.mov=01;35:*.mpg=01;35:*.mpeg=01;35:*.m2v=01;35:*.mkv=01;35:*.webm=01;35:*.webp=01;35:*.ogm=01;35:*.mp4=01;35:*.m4v=01;35:*.mp4v=01;35:*.vob=01;35:*.qt=01;35:*.nuv=01;35:*.wmv=01;35:*.asf=01;35:*.rm=01;35:*.rmvb=01;35:*.flc=01;35:*.avi=01;35:*.fli=01;35:*.flv=01;35:*.gl=01;35:*.dl=01;35:*.xcf=01;35:*.xwd=01;35:*.yuv=01;35:*.cgm=01;35:*.emf=01;35:*.ogv=01;35:*.ogx=01;35:*.aac=00;36:*.au=00;36:*.flac=00;36:*.m4a=00;36:*.mid=00;36:*.midi=00;36:*.mka=00;36:*.mp3=00;36:*.mpc=00;36:*.ogg=00;36:*.ra=00;36:*.wav=00;36:*.oga=00;36:*.opus=00;36:*.spx=00;36:*.xspf=00;36:'), ('AMENT_PREFIX_PATH', '/opt/ros/humble'), ('PWD', '/root/ros2_ws/build/mujoco_msgs'), ('LC_ALL', 'C.UTF-8'), ('PYTHONPATH', '/opt/ros/humble/lib/python3.10/site-packages:/opt/ros/humble/local/lib/python3.10/dist-packages'), ('COLCON', '1'), ('CMAKE_PREFIX_PATH', '/opt/ros/humble')]), 'shell': False}
[2.731196] (mujoco_msgs) StdoutLine: {'line': b'-- Install configuration: ""\n'}
[2.731508] (mujoco_msgs) StdoutLine: {'line': b'-- Execute custom install script\n'}
[2.731709] (mujoco_msgs) StdoutLine: {'line': b'-- Symlinking: /root/ros2_ws/install/mujoco_msgs/share/ament_index/resource_index/rosidl_interfaces/mujoco_msgs\n'}
[2.740659] (mujoco_msgs) StdoutLine: {'line': b'-- Symlinking: /root/ros2_ws/install/mujoco_msgs/include/mujoco_msgs/mujoco_msgs/msg/control.h\n'}
[2.746817] (mujoco_msgs) StdoutLine: {'line': b'-- Symlinking: /root/ros2_ws/install/mujoco_msgs/include/mujoco_msgs/mujoco_msgs/msg/detail/control__functions.h\n'}
[2.753799] (mujoco_msgs) StdoutLine: {'line': b'-- Symlinking: /root/ros2_ws/install/mujoco_msgs/include/mujoco_msgs/mujoco_msgs/msg/detail/control__struct.h\n'}
[2.759018] (mujoco_msgs) StdoutLine: {'line': b'-- Symlinking: /root/ros2_ws/install/mujoco_msgs/include/mujoco_msgs/mujoco_msgs/msg/detail/control__type_support.h\n'}
[2.764834] (communication) StdoutLine: {'line': b'[ 77%] Built target communication__rosidl_typesupport_fastrtps_cpp\n'}
[2.766177] (mujoco_msgs) StdoutLine: {'line': b'-- Symlinking: /root/ros2_ws/install/mujoco_msgs/include/mujoco_msgs/mujoco_msgs/msg/rosidl_generator_c__visibility_control.h\n'}
[2.767074] (communication) StdoutLine: {'line': b'[ 79%] \x1b[32m\x1b[1mLinking CXX shared library libcommunication__rosidl_typesupport_fastrtps_c.so\x1b[0m\n'}
[2.772059] (mujoco_msgs) StdoutLine: {'line': b'-- Symlinking: /root/ros2_ws/install/mujoco_msgs/share/mujoco_msgs/environment/library_path.sh\n'}
[2.777622] (mujoco_msgs) StdoutLine: {'line': b'-- Symlinking: /root/ros2_ws/install/mujoco_msgs/share/mujoco_msgs/environment/library_path.dsv\n'}
[2.783835] (mujoco_msgs) StdoutLine: {'line': b'-- Symlinking: /root/ros2_ws/install/mujoco_msgs/include/mujoco_msgs/mujoco_msgs/msg/detail/control__rosidl_typesupport_fastrtps_c.h\n'}
[2.789883] (mujoco_msgs) StdoutLine: {'line': b'-- Symlinking: /root/ros2_ws/install/mujoco_msgs/include/mujoco_msgs/mujoco_msgs/msg/rosidl_typesupport_fastrtps_c__visibility_control.h\n'}
[2.797532] (mujoco_msgs) StdoutLine: {'line': b'-- Symlinking: /root/ros2_ws/install/mujoco_msgs/include/mujoco_msgs/mujoco_msgs/msg/control.hpp\n'}
[2.805303] (mujoco_msgs) StdoutLine: {'line': b'-- Symlinking: /root/ros2_ws/install/mujoco_msgs/include/mujoco_msgs/mujoco_msgs/msg/detail/control__builder.hpp\n'}
[2.805922] (-) TimerEvent: {}
[2.812618] (mujoco_msgs) StdoutLine: {'line': b'-- Symlinking: /root/ros2_ws/install/mujoco_msgs/include/mujoco_msgs/mujoco_msgs/msg/detail/control__struct.hpp\n'}
[2.813925] (communication) StdoutLine: {'line': b'[ 79%] Built target communication__rosidl_typesupport_fastrtps_c\n'}
[2.819060] (mujoco_msgs) StdoutLine: {'line': b'-- Symlinking: /root/ros2_ws/install/mujoco_msgs/include/mujoco_msgs/mujoco_msgs/msg/detail/control__traits.hpp\n'}
[2.824038] (mujoco_msgs) StdoutLine: {'line': b'-- Symlinking: /root/ros2_ws/install/mujoco_msgs/include/mujoco_msgs/mujoco_msgs/msg/detail/control__type_support.hpp\n'}
[2.828249] (communication) StdoutLine: {'line': b'[ 79%] Built target communication\n'}
[2.831090] (mujoco_msgs) StdoutLine: {'line': b'-- Symlinking: /root/ros2_ws/install/mujoco_msgs/include/mujoco_msgs/mujoco_msgs/msg/rosidl_generator_cpp__visibility_control.hpp\n'}
[2.836157] (mujoco_msgs) StdoutLine: {'line': b'-- Symlinking: /root/ros2_ws/install/mujoco_msgs/include/mujoco_msgs/mujoco_msgs/msg/detail/control__rosidl_typesupport_fastrtps_cpp.hpp\n'}
[2.841508] (mujoco_msgs) StdoutLine: {'line': b'-- Symlinking: /root/ros2_ws/install/mujoco_msgs/include/mujoco_msgs/mujoco_msgs/msg/rosidl_typesupport_fastrtps_cpp__visibility_control.h\n'}
[2.845355] (communication) StdoutLine: {'line': b'[ 80%] \x1b[34m\x1b[1mGenerating Python code for ROS interfaces\x1b[0m\n'}
[2.847567] (mujoco_msgs) StdoutLine: {'line': b'-- Symlinking: /root/ros2_ws/install/mujoco_msgs/include/mujoco_msgs/mujoco_msgs/msg/detail/control__rosidl_typesupport_introspection_c.h\n'}
[2.854348] (mujoco_msgs) StdoutLine: {'line': b'-- Symlinking: /root/ros2_ws/install/mujoco_msgs/include/mujoco_msgs/mujoco_msgs/msg/rosidl_typesupport_introspection_c__visibility_control.h\n'}
[2.860575] (mujoco_msgs) StdoutLine: {'line': b'-- Symlinking: /root/ros2_ws/install/mujoco_msgs/include/mujoco_msgs/mujoco_msgs/msg/detail/control__rosidl_typesupport_introspection_cpp.hpp\n'}
[2.866686] (mujoco_msgs) StdoutLine: {'line': b'-- Symlinking: /root/ros2_ws/install/mujoco_msgs/share/mujoco_msgs/environment/pythonpath.sh\n'}
[2.872257] (mujoco_msgs) StdoutLine: {'line': b'-- Symlinking: /root/ros2_ws/install/mujoco_msgs/share/mujoco_msgs/environment/pythonpath.dsv\n'}
[2.877707] (mujoco_msgs) StdoutLine: {'line': b'-- Symlinking: /root/ros2_ws/install/mujoco_msgs/local/lib/python3.10/dist-packages/mujoco_msgs-0.0.0-py3.10.egg-info/PKG-INFO\n'}
[2.883937] (mujoco_msgs) StdoutLine: {'line': b'-- Symlinking: /root/ros2_ws/install/mujoco_msgs/local/lib/python3.10/dist-packages/mujoco_msgs-0.0.0-py3.10.egg-info/SOURCES.txt\n'}
[2.889482] (mujoco_msgs) StdoutLine: {'line': b'-- Symlinking: /root/ros2_ws/install/mujoco_msgs/local/lib/python3.10/dist-packages/mujoco_msgs-0.0.0-py3.10.egg-info/dependency_links.txt\n'}
[2.897088] (mujoco_msgs) StdoutLine: {'line': b'-- Symlinking: /root/ros2_ws/install/mujoco_msgs/local/lib/python3.10/dist-packages/mujoco_msgs-0.0.0-py3.10.egg-info/top_level.txt\n'}
[2.903420] (mujoco_msgs) StdoutLine: {'line': b'-- Symlinking: /root/ros2_ws/install/mujoco_msgs/local/lib/python3.10/dist-packages/mujoco_msgs/__init__.py\n'}
[2.905999] (-) TimerEvent: {}
[2.911451] (mujoco_msgs) StdoutLine: {'line': b'-- Symlinking: /root/ros2_ws/install/mujoco_msgs/local/lib/python3.10/dist-packages/mujoco_msgs/_mujoco_msgs_s.ep.rosidl_typesupport_c.c\n'}
[2.917462] (mujoco_msgs) StdoutLine: {'line': b'-- Symlinking: /root/ros2_ws/install/mujoco_msgs/local/lib/python3.10/dist-packages/mujoco_msgs/_mujoco_msgs_s.ep.rosidl_typesupport_fastrtps_c.c\n'}
[2.925304] (mujoco_msgs) StdoutLine: {'line': b'-- Symlinking: /root/ros2_ws/install/mujoco_msgs/local/lib/python3.10/dist-packages/mujoco_msgs/_mujoco_msgs_s.ep.rosidl_typesupport_introspection_c.c\n'}
[2.933162] (mujoco_msgs) StdoutLine: {'line': b'-- Symlinking: /root/ros2_ws/install/mujoco_msgs/local/lib/python3.10/dist-packages/mujoco_msgs/libmujoco_msgs__rosidl_generator_py.so\n'}
[2.938498] (mujoco_msgs) StdoutLine: {'line': b'-- Symlinking: /root/ros2_ws/install/mujoco_msgs/local/lib/python3.10/dist-packages/mujoco_msgs/msg/__init__.py\n'}
[2.943840] (mujoco_msgs) StdoutLine: {'line': b'-- Symlinking: /root/ros2_ws/install/mujoco_msgs/local/lib/python3.10/dist-packages/mujoco_msgs/msg/_control.py\n'}
[2.950204] (mujoco_msgs) StdoutLine: {'line': b'-- Symlinking: /root/ros2_ws/install/mujoco_msgs/local/lib/python3.10/dist-packages/mujoco_msgs/msg/_control_s.c\n'}
[2.957326] (mujoco_msgs) StdoutLine: {'line': b'-- Symlinking: /root/ros2_ws/install/mujoco_msgs/local/lib/python3.10/dist-packages/mujoco_msgs/mujoco_msgs_s__rosidl_typesupport_c.cpython-310-x86_64-linux-gnu.so\n'}
[2.963720] (mujoco_msgs) StdoutLine: {'line': b'-- Symlinking: /root/ros2_ws/install/mujoco_msgs/local/lib/python3.10/dist-packages/mujoco_msgs/mujoco_msgs_s__rosidl_typesupport_fastrtps_c.cpython-310-x86_64-linux-gnu.so\n'}
[2.968498] (mujoco_msgs) StdoutLine: {'line': b'-- Symlinking: /root/ros2_ws/install/mujoco_msgs/local/lib/python3.10/dist-packages/mujoco_msgs/mujoco_msgs_s__rosidl_typesupport_introspection_c.cpython-310-x86_64-linux-gnu.so\n'}
[2.976096] (mujoco_msgs) StdoutLine: {'line': b'-- Up-to-date symlink: /root/ros2_ws/install/mujoco_msgs/local/lib/python3.10/dist-packages/mujoco_msgs/mujoco_msgs_s__rosidl_typesupport_fastrtps_c.cpython-310-x86_64-linux-gnu.so\n'}
[2.976223] (mujoco_msgs) StdoutLine: {'line': b'-- Up-to-date symlink: /root/ros2_ws/install/mujoco_msgs/local/lib/python3.10/dist-packages/mujoco_msgs/mujoco_msgs_s__rosidl_typesupport_introspection_c.cpython-310-x86_64-linux-gnu.so\n'}
[2.976302] (mujoco_msgs) StdoutLine: {'line': b'-- Up-to-date symlink: /root/ros2_ws/install/mujoco_msgs/local/lib/python3.10/dist-packages/mujoco_msgs/mujoco_msgs_s__rosidl_typesupport_c.cpython-310-x86_64-linux-gnu.so\n'}
[2.976406] (mujoco_msgs) StdoutLine: {'line': b'-- Symlinking: /root/ros2_ws/install/mujoco_msgs/share/mujoco_msgs/msg/Control.idl\n'}
[2.982116] (mujoco_msgs) StdoutLine: {'line': b'-- Symlinking: /root/ros2_ws/install/mujoco_msgs/share/mujoco_msgs/msg/Control.msg\n'}
[2.988259] (mujoco_msgs) StdoutLine: {'line': b'-- Symlinking: /root/ros2_ws/install/mujoco_msgs/share/ament_index/resource_index/package_run_dependencies/mujoco_msgs\n'}
[2.995673] (mujoco_msgs) StdoutLine: {'line': b'-- Symlinking: /root/ros2_ws/install/mujoco_msgs/share/ament_index/resource_index/parent_prefix_path/mujoco_msgs\n'}
[3.000634] (mujoco_msgs) StdoutLine: {'line': b'-- Symlinking: /root/ros2_ws/install/mujoco_msgs/share/mujoco_msgs/environment/ament_prefix_path.sh\n'}
[3.006104] (-) TimerEvent: {}
[3.007670] (mujoco_msgs) StdoutLine: {'line': b'-- Symlinking: /root/ros2_ws/install/mujoco_msgs/share/mujoco_msgs/environment/ament_prefix_path.dsv\n'}
[3.014638] (mujoco_msgs) StdoutLine: {'line': b'-- Symlinking: /root/ros2_ws/install/mujoco_msgs/share/mujoco_msgs/environment/path.sh\n'}
[3.021639] (mujoco_msgs) StdoutLine: {'line': b'-- Symlinking: /root/ros2_ws/install/mujoco_msgs/share/mujoco_msgs/environment/path.dsv\n'}
[3.028574] (mujoco_msgs) StdoutLine: {'line': b'-- Symlinking: /root/ros2_ws/install/mujoco_msgs/share/mujoco_msgs/local_setup.bash\n'}
[3.034863] (mujoco_msgs) StdoutLine: {'line': b'-- Symlinking: /root/ros2_ws/install/mujoco_msgs/share/mujoco_msgs/local_setup.sh\n'}
[3.039925] (mujoco_msgs) StdoutLine: {'line': b'-- Symlinking: /root/ros2_ws/install/mujoco_msgs/share/mujoco_msgs/local_setup.zsh\n'}
[3.045578] (mujoco_msgs) StdoutLine: {'line': b'-- Symlinking: /root/ros2_ws/install/mujoco_msgs/share/mujoco_msgs/local_setup.dsv\n'}
[3.053012] (mujoco_msgs) StdoutLine: {'line': b'-- Symlinking: /root/ros2_ws/install/mujoco_msgs/share/mujoco_msgs/package.dsv\n'}
[3.060840] (mujoco_msgs) StdoutLine: {'line': b'-- Symlinking: /root/ros2_ws/install/mujoco_msgs/share/ament_index/resource_index/packages/mujoco_msgs\n'}
[3.065971] (mujoco_msgs) StdoutLine: {'line': b'-- Symlinking: /root/ros2_ws/install/mujoco_msgs/share/mujoco_msgs/cmake/rosidl_cmake-extras.cmake\n'}
[3.070901] (mujoco_msgs) StdoutLine: {'line': b'-- Symlinking: /root/ros2_ws/install/mujoco_msgs/share/mujoco_msgs/cmake/ament_cmake_export_dependencies-extras.cmake\n'}
[3.078634] (mujoco_msgs) StdoutLine: {'line': b'-- Symlinking: /root/ros2_ws/install/mujoco_msgs/share/mujoco_msgs/cmake/ament_cmake_export_include_directories-extras.cmake\n'}
[3.083851] (mujoco_msgs) StdoutLine: {'line': b'-- Symlinking: /root/ros2_ws/install/mujoco_msgs/share/mujoco_msgs/cmake/ament_cmake_export_libraries-extras.cmake\n'}
[3.088875] (mujoco_msgs) StdoutLine: {'line': b'-- Symlinking: /root/ros2_ws/install/mujoco_msgs/share/mujoco_msgs/cmake/ament_cmake_export_targets-extras.cmake\n'}
[3.094595] (mujoco_msgs) StdoutLine: {'line': b'-- Symlinking: /root/ros2_ws/install/mujoco_msgs/share/mujoco_msgs/cmake/rosidl_cmake_export_typesupport_targets-extras.cmake\n'}
[3.099492] (mujoco_msgs) StdoutLine: {'line': b'-- Symlinking: /root/ros2_ws/install/mujoco_msgs/share/mujoco_msgs/cmake/rosidl_cmake_export_typesupport_libraries-extras.cmake\n'}
[3.106199] (-) TimerEvent: {}
[3.106411] (mujoco_msgs) StdoutLine: {'line': b'-- Symlinking: /root/ros2_ws/install/mujoco_msgs/share/mujoco_msgs/cmake/mujoco_msgsConfig.cmake\n'}
[3.111841] (mujoco_msgs) StdoutLine: {'line': b'-- Symlinking: /root/ros2_ws/install/mujoco_msgs/share/mujoco_msgs/cmake/mujoco_msgsConfig-version.cmake\n'}
[3.117836] (mujoco_msgs) StdoutLine: {'line': b'-- Symlinking: /root/ros2_ws/install/mujoco_msgs/share/mujoco_msgs/package.xml\n'}
[3.123109] (mujoco_msgs) StdoutLine: {'line': b'-- Installing: /root/ros2_ws/install/mujoco_msgs/lib/libmujoco_msgs__rosidl_generator_c.so\n'}
[3.123285] (mujoco_msgs) StdoutLine: {'line': b'-- Set runtime path of "/root/ros2_ws/install/mujoco_msgs/lib/libmujoco_msgs__rosidl_generator_c.so" to ""\n'}
[3.123371] (mujoco_msgs) StdoutLine: {'line': b'-- Installing: /root/ros2_ws/install/mujoco_msgs/lib/libmujoco_msgs__rosidl_typesupport_fastrtps_c.so\n'}
[3.123454] (mujoco_msgs) StdoutLine: {'line': b'-- Set runtime path of "/root/ros2_ws/install/mujoco_msgs/lib/libmujoco_msgs__rosidl_typesupport_fastrtps_c.so" to ""\n'}
[3.123537] (mujoco_msgs) StdoutLine: {'line': b'-- Installing: /root/ros2_ws/install/mujoco_msgs/lib/libmujoco_msgs__rosidl_typesupport_fastrtps_cpp.so\n'}
[3.123631] (mujoco_msgs) StdoutLine: {'line': b'-- Set runtime path of "/root/ros2_ws/install/mujoco_msgs/lib/libmujoco_msgs__rosidl_typesupport_fastrtps_cpp.so" to ""\n'}
[3.123718] (mujoco_msgs) StdoutLine: {'line': b'-- Installing: /root/ros2_ws/install/mujoco_msgs/lib/libmujoco_msgs__rosidl_typesupport_introspection_c.so\n'}
[3.123800] (mujoco_msgs) StdoutLine: {'line': b'-- Set runtime path of "/root/ros2_ws/install/mujoco_msgs/lib/libmujoco_msgs__rosidl_typesupport_introspection_c.so" to ""\n'}
[3.123877] (mujoco_msgs) StdoutLine: {'line': b'-- Installing: /root/ros2_ws/install/mujoco_msgs/lib/libmujoco_msgs__rosidl_typesupport_c.so\n'}
[3.123954] (mujoco_msgs) StdoutLine: {'line': b'-- Set runtime path of "/root/ros2_ws/install/mujoco_msgs/lib/libmujoco_msgs__rosidl_typesupport_c.so" to ""\n'}
[3.124031] (mujoco_msgs) StdoutLine: {'line': b'-- Installing: /root/ros2_ws/install/mujoco_msgs/lib/libmujoco_msgs__rosidl_typesupport_introspection_cpp.so\n'}
[3.124161] (mujoco_msgs) StdoutLine: {'line': b'-- Set runtime path of "/root/ros2_ws/install/mujoco_msgs/lib/libmujoco_msgs__rosidl_typesupport_introspection_cpp.so" to ""\n'}
[3.124239] (mujoco_msgs) StdoutLine: {'line': b'-- Installing: /root/ros2_ws/install/mujoco_msgs/lib/libmujoco_msgs__rosidl_typesupport_cpp.so\n'}
[3.124351] (mujoco_msgs) StdoutLine: {'line': b'-- Set runtime path of "/root/ros2_ws/install/mujoco_msgs/lib/libmujoco_msgs__rosidl_typesupport_cpp.so" to ""\n'}
[3.145779] (mujoco_msgs) StdoutLine: {'line': b"Listing '/root/ros2_ws/install/mujoco_msgs/local/lib/python3.10/dist-packages/mujoco_msgs'...\n"}
[3.145932] (mujoco_msgs) StdoutLine: {'line': b"Compiling '/root/ros2_ws/install/mujoco_msgs/local/lib/python3.10/dist-packages/mujoco_msgs/__init__.py'...\n"}
[3.146003] (mujoco_msgs) StdoutLine: {'line': b"Listing '/root/ros2_ws/install/mujoco_msgs/local/lib/python3.10/dist-packages/mujoco_msgs/msg'...\n"}
[3.146065] (mujoco_msgs) StdoutLine: {'line': b"Compiling '/root/ros2_ws/install/mujoco_msgs/local/lib/python3.10/dist-packages/mujoco_msgs/msg/__init__.py'...\n"}
[3.146129] (mujoco_msgs) StdoutLine: {'line': b"Compiling '/root/ros2_ws/install/mujoco_msgs/local/lib/python3.10/dist-packages/mujoco_msgs/msg/_control.py'...\n"}
[3.148418] (mujoco_msgs) StdoutLine: {'line': b'-- Installing: /root/ros2_ws/install/mujoco_msgs/lib/libmujoco_msgs__rosidl_generator_py.so\n'}
[3.148835] (mujoco_msgs) StdoutLine: {'line': b'-- Set runtime path of "/root/ros2_ws/install/mujoco_msgs/lib/libmujoco_msgs__rosidl_generator_py.so" to ""\n'}
[3.148919] (mujoco_msgs) StdoutLine: {'line': b'-- Installing: /root/ros2_ws/install/mujoco_msgs/share/mujoco_msgs/cmake/export_mujoco_msgs__rosidl_generator_cExport.cmake\n'}
[3.149103] (mujoco_msgs) StdoutLine: {'line': b'-- Installing: /root/ros2_ws/install/mujoco_msgs/share/mujoco_msgs/cmake/export_mujoco_msgs__rosidl_generator_cExport-noconfig.cmake\n'}
[3.149300] (mujoco_msgs) StdoutLine: {'line': b'-- Installing: /root/ros2_ws/install/mujoco_msgs/share/mujoco_msgs/cmake/export_mujoco_msgs__rosidl_typesupport_fastrtps_cExport.cmake\n'}
[3.149475] (mujoco_msgs) StdoutLine: {'line': b'-- Installing: /root/ros2_ws/install/mujoco_msgs/share/mujoco_msgs/cmake/export_mujoco_msgs__rosidl_typesupport_fastrtps_cExport-noconfig.cmake\n'}
[3.149655] (mujoco_msgs) StdoutLine: {'line': b'-- Installing: /root/ros2_ws/install/mujoco_msgs/share/mujoco_msgs/cmake/export_mujoco_msgs__rosidl_generator_cppExport.cmake\n'}
[3.149827] (mujoco_msgs) StdoutLine: {'line': b'-- Installing: /root/ros2_ws/install/mujoco_msgs/share/mujoco_msgs/cmake/export_mujoco_msgs__rosidl_typesupport_fastrtps_cppExport.cmake\n'}
[3.150023] (mujoco_msgs) StdoutLine: {'line': b'-- Installing: /root/ros2_ws/install/mujoco_msgs/share/mujoco_msgs/cmake/export_mujoco_msgs__rosidl_typesupport_fastrtps_cppExport-noconfig.cmake\n'}
[3.150169] (mujoco_msgs) StdoutLine: {'line': b'-- Installing: /root/ros2_ws/install/mujoco_msgs/share/mujoco_msgs/cmake/mujoco_msgs__rosidl_typesupport_introspection_cExport.cmake\n'}
[3.150267] (mujoco_msgs) StdoutLine: {'line': b'-- Installing: /root/ros2_ws/install/mujoco_msgs/share/mujoco_msgs/cmake/mujoco_msgs__rosidl_typesupport_introspection_cExport-noconfig.cmake\n'}
[3.150350] (mujoco_msgs) StdoutLine: {'line': b'-- Installing: /root/ros2_ws/install/mujoco_msgs/share/mujoco_msgs/cmake/mujoco_msgs__rosidl_typesupport_cExport.cmake\n'}
[3.150429] (mujoco_msgs) StdoutLine: {'line': b'-- Installing: /root/ros2_ws/install/mujoco_msgs/share/mujoco_msgs/cmake/mujoco_msgs__rosidl_typesupport_cExport-noconfig.cmake\n'}
[3.150500] (mujoco_msgs) StdoutLine: {'line': b'-- Installing: /root/ros2_ws/install/mujoco_msgs/share/mujoco_msgs/cmake/mujoco_msgs__rosidl_typesupport_introspection_cppExport.cmake\n'}
[3.150591] (mujoco_msgs) StdoutLine: {'line': b'-- Installing: /root/ros2_ws/install/mujoco_msgs/share/mujoco_msgs/cmake/mujoco_msgs__rosidl_typesupport_introspection_cppExport-noconfig.cmake\n'}
[3.150697] (mujoco_msgs) StdoutLine: {'line': b'-- Installing: /root/ros2_ws/install/mujoco_msgs/share/mujoco_msgs/cmake/mujoco_msgs__rosidl_typesupport_cppExport.cmake\n'}
[3.150795] (mujoco_msgs) StdoutLine: {'line': b'-- Installing: /root/ros2_ws/install/mujoco_msgs/share/mujoco_msgs/cmake/mujoco_msgs__rosidl_typesupport_cppExport-noconfig.cmake\n'}
[3.150922] (mujoco_msgs) StdoutLine: {'line': b'-- Installing: /root/ros2_ws/install/mujoco_msgs/share/mujoco_msgs/cmake/export_mujoco_msgs__rosidl_generator_pyExport.cmake\n'}
[3.150962] (mujoco_msgs) StdoutLine: {'line': b'-- Installing: /root/ros2_ws/install/mujoco_msgs/share/mujoco_msgs/cmake/export_mujoco_msgs__rosidl_generator_pyExport-noconfig.cmake\n'}
[3.152403] (mujoco_msgs) CommandEnded: {'returncode': 0}
[3.166732] (mujoco_msgs) JobEnded: {'identifier': 'mujoco_msgs', 'rc': 0}
[3.206326] (-) TimerEvent: {}
[3.261075] (communication) StdoutLine: {'line': b'[ 80%] Built target communication__py\n'}
[3.277714] (communication) StdoutLine: {'line': b'[ 82%] \x1b[32mBuilding C object CMakeFiles/communication__rosidl_generator_py.dir/rosidl_generator_py/communication/msg/_motion_commands_s.c.o\x1b[0m\n'}
[3.278083] (communication) StdoutLine: {'line': b'[ 84%] \x1b[32mBuilding C object CMakeFiles/communication__rosidl_generator_py.dir/rosidl_generator_py/communication/msg/_actuator_cmds_s.c.o\x1b[0m\n'}
[3.278563] (communication) StdoutLine: {'line': b'[ 85%] \x1b[32mBuilding C object CMakeFiles/communication__rosidl_generator_py.dir/rosidl_generator_py/communication/srv/_simulation_reset_s.c.o\x1b[0m\n'}
[3.280377] (communication) StdoutLine: {'line': b'[ 87%] \x1b[32mBuilding C object CMakeFiles/communication__rosidl_generator_py.dir/rosidl_generator_py/communication/msg/_touch_sensor_s.c.o\x1b[0m\n'}
[3.281858] (communication) StdoutLine: {'line': b'[ 88%] \x1b[32mBuilding C object CMakeFiles/communication__rosidl_generator_py.dir/rosidl_generator_py/communication/srv/_gait_switch_s.c.o\x1b[0m\n'}
[3.306443] (-) TimerEvent: {}
[3.373899] (communication) StdoutLine: {'line': b'[ 90%] \x1b[32m\x1b[1mLinking C shared library rosidl_generator_py/communication/libcommunication__rosidl_generator_py.so\x1b[0m\n'}
[3.406434] (communication) StdoutLine: {'line': b'[ 90%] Built target communication__rosidl_generator_py\n'}
[3.406571] (-) TimerEvent: {}
[3.420303] (communication) StdoutLine: {'line': b'[ 93%] \x1b[32mBuilding C object CMakeFiles/communication__rosidl_typesupport_fastrtps_c__pyext.dir/rosidl_generator_py/communication/_communication_s.ep.rosidl_typesupport_fastrtps_c.c.o\x1b[0m\n'}
[3.420441] (communication) StdoutLine: {'line': b'[ 93%] \x1b[32mBuilding C object CMakeFiles/communication__rosidl_typesupport_c__pyext.dir/rosidl_generator_py/communication/_communication_s.ep.rosidl_typesupport_c.c.o\x1b[0m\n'}
[3.421863] (communication) StdoutLine: {'line': b'[ 95%] \x1b[32mBuilding C object CMakeFiles/communication__rosidl_typesupport_introspection_c__pyext.dir/rosidl_generator_py/communication/_communication_s.ep.rosidl_typesupport_introspection_c.c.o\x1b[0m\n'}
[3.506844] (-) TimerEvent: {}
[3.517780] (communication) StdoutLine: {'line': b'[ 96%] \x1b[32m\x1b[1mLinking C shared library rosidl_generator_py/communication/communication_s__rosidl_typesupport_fastrtps_c.cpython-310-x86_64-linux-gnu.so\x1b[0m\n'}
[3.521400] (communication) StdoutLine: {'line': b'[ 98%] \x1b[32m\x1b[1mLinking C shared library rosidl_generator_py/communication/communication_s__rosidl_typesupport_introspection_c.cpython-310-x86_64-linux-gnu.so\x1b[0m\n'}
[3.529430] (communication) StdoutLine: {'line': b'[100%] \x1b[32m\x1b[1mLinking C shared library rosidl_generator_py/communication/communication_s__rosidl_typesupport_c.cpython-310-x86_64-linux-gnu.so\x1b[0m\n'}
[3.545073] (communication) StdoutLine: {'line': b'[100%] Built target communication__rosidl_typesupport_fastrtps_c__pyext\n'}
[3.553711] (communication) StdoutLine: {'line': b'[100%] Built target communication__rosidl_typesupport_introspection_c__pyext\n'}
[3.557057] (communication) StdoutLine: {'line': b'[100%] Built target communication__rosidl_typesupport_c__pyext\n'}
[3.565324] (communication) CommandEnded: {'returncode': 0}
[3.565805] (communication) JobProgress: {'identifier': 'communication', 'progress': 'install'}
[3.565932] (communication) Command: {'cmd': ['/usr/bin/cmake', '--install', '/root/ros2_ws/build/communication'], 'cwd': '/root/ros2_ws/build/communication', 'env': OrderedDict([('HOSTNAME', 'nero-A52i'), ('SHLVL', '1'), ('LD_LIBRARY_PATH', '/usr/lib/x86_64-linux-gnu/gazebo-11/plugins:/opt/ros/humble/opt/rviz_ogre_vendor/lib:/opt/ros/humble/lib/x86_64-linux-gnu:/opt/ros/humble/lib'), ('HOME', '/root'), ('OLDPWD', '/root/ros2_ws/src'), ('ROS_PYTHON_VERSION', '3'), ('COLCON_PREFIX_PATH', '/root/ros2_ws/install'), ('ROS_DISTRO', 'humble'), ('_', '/usr/bin/colcon'), ('ROS_VERSION', '2'), ('TERM', 'xterm'), ('ROS_LOCALHOST_ONLY', '0'), ('PATH', '/opt/ros/humble/bin:/usr/local/sbin:/usr/local/bin:/usr/sbin:/usr/bin:/sbin:/bin'), ('XDG_RUNTIME_DIR', '/run/user/1000'), ('DISPLAY', ':1'), ('LANG', 'C.UTF-8'), ('XAUTHORITY', '/run/user/1000/gdm/Xauthority'), ('LS_COLORS', 'rs=0:di=01;34:ln=01;36:mh=00:pi=40;33:so=01;35:do=01;35:bd=40;33;01:cd=40;33;01:or=40;31;01:mi=00:su=37;41:sg=30;43:ca=30;41:tw=30;42:ow=34;42:st=37;44:ex=01;32:*.tar=01;31:*.tgz=01;31:*.arc=01;31:*.arj=01;31:*.taz=01;31:*.lha=01;31:*.lz4=01;31:*.lzh=01;31:*.lzma=01;31:*.tlz=01;31:*.txz=01;31:*.tzo=01;31:*.t7z=01;31:*.zip=01;31:*.z=01;31:*.dz=01;31:*.gz=01;31:*.lrz=01;31:*.lz=01;31:*.lzo=01;31:*.xz=01;31:*.zst=01;31:*.tzst=01;31:*.bz2=01;31:*.bz=01;31:*.tbz=01;31:*.tbz2=01;31:*.tz=01;31:*.deb=01;31:*.rpm=01;31:*.jar=01;31:*.war=01;31:*.ear=01;31:*.sar=01;31:*.rar=01;31:*.alz=01;31:*.ace=01;31:*.zoo=01;31:*.cpio=01;31:*.7z=01;31:*.rz=01;31:*.cab=01;31:*.wim=01;31:*.swm=01;31:*.dwm=01;31:*.esd=01;31:*.jpg=01;35:*.jpeg=01;35:*.mjpg=01;35:*.mjpeg=01;35:*.gif=01;35:*.bmp=01;35:*.pbm=01;35:*.pgm=01;35:*.ppm=01;35:*.tga=01;35:*.xbm=01;35:*.xpm=01;35:*.tif=01;35:*.tiff=01;35:*.png=01;35:*.svg=01;35:*.svgz=01;35:*.mng=01;35:*.pcx=01;35:*.mov=01;35:*.mpg=01;35:*.mpeg=01;35:*.m2v=01;35:*.mkv=01;35:*.webm=01;35:*.webp=01;35:*.ogm=01;35:*.mp4=01;35:*.m4v=01;35:*.mp4v=01;35:*.vob=01;35:*.qt=01;35:*.nuv=01;35:*.wmv=01;35:*.asf=01;35:*.rm=01;35:*.rmvb=01;35:*.flc=01;35:*.avi=01;35:*.fli=01;35:*.flv=01;35:*.gl=01;35:*.dl=01;35:*.xcf=01;35:*.xwd=01;35:*.yuv=01;35:*.cgm=01;35:*.emf=01;35:*.ogv=01;35:*.ogx=01;35:*.aac=00;36:*.au=00;36:*.flac=00;36:*.m4a=00;36:*.mid=00;36:*.midi=00;36:*.mka=00;36:*.mp3=00;36:*.mpc=00;36:*.ogg=00;36:*.ra=00;36:*.wav=00;36:*.oga=00;36:*.opus=00;36:*.spx=00;36:*.xspf=00;36:'), ('AMENT_PREFIX_PATH', '/opt/ros/humble'), ('PWD', '/root/ros2_ws/build/communication'), ('LC_ALL', 'C.UTF-8'), ('PYTHONPATH', '/opt/ros/humble/lib/python3.10/site-packages:/opt/ros/humble/local/lib/python3.10/dist-packages'), ('COLCON', '1'), ('CMAKE_PREFIX_PATH', '/opt/ros/humble')]), 'shell': False}
[3.570807] (communication) StdoutLine: {'line': b'-- Install configuration: ""\n'}
[3.571286] (communication) StdoutLine: {'line': b'-- Execute custom install script\n'}
[3.571395] (communication) StdoutLine: {'line': b'-- Symlinking: /root/ros2_ws/install/communication/share/ament_index/resource_index/rosidl_interfaces/communication\n'}
[3.578556] (communication) StdoutLine: {'line': b'-- Symlinking: /root/ros2_ws/install/communication/include/communication/communication/msg/actuator_cmds.h\n'}
[3.585752] (communication) StdoutLine: {'line': b'-- Symlinking: /root/ros2_ws/install/communication/include/communication/communication/msg/detail/actuator_cmds__functions.h\n'}
[3.606985] (-) TimerEvent: {}
[3.607945] (communication) StdoutLine: {'line': b'-- Symlinking: /root/ros2_ws/install/communication/include/communication/communication/msg/detail/actuator_cmds__struct.h\n'}
[3.631821] (communication) StdoutLine: {'line': b'-- Symlinking: /root/ros2_ws/install/communication/include/communication/communication/msg/detail/actuator_cmds__type_support.h\n'}
[3.642733] (communication) StdoutLine: {'line': b'-- Symlinking: /root/ros2_ws/install/communication/include/communication/communication/msg/detail/motion_commands__functions.h\n'}
[3.650075] (communication) StdoutLine: {'line': b'-- Symlinking: /root/ros2_ws/install/communication/include/communication/communication/msg/detail/motion_commands__struct.h\n'}
[3.657635] (communication) StdoutLine: {'line': b'-- Symlinking: /root/ros2_ws/install/communication/include/communication/communication/msg/detail/motion_commands__type_support.h\n'}
[3.664737] (communication) StdoutLine: {'line': b'-- Symlinking: /root/ros2_ws/install/communication/include/communication/communication/msg/detail/touch_sensor__functions.h\n'}
[3.672612] (communication) StdoutLine: {'line': b'-- Symlinking: /root/ros2_ws/install/communication/include/communication/communication/msg/detail/touch_sensor__struct.h\n'}
[3.680932] (communication) StdoutLine: {'line': b'-- Symlinking: /root/ros2_ws/install/communication/include/communication/communication/msg/detail/touch_sensor__type_support.h\n'}
[3.689473] (communication) StdoutLine: {'line': b'-- Symlinking: /root/ros2_ws/install/communication/include/communication/communication/msg/motion_commands.h\n'}
[3.696747] (communication) StdoutLine: {'line': b'-- Symlinking: /root/ros2_ws/install/communication/include/communication/communication/msg/rosidl_generator_c__visibility_control.h\n'}
[3.703328] (communication) StdoutLine: {'line': b'-- Symlinking: /root/ros2_ws/install/communication/include/communication/communication/msg/touch_sensor.h\n'}
[3.707064] (-) TimerEvent: {}
[3.714568] (communication) StdoutLine: {'line': b'-- Symlinking: /root/ros2_ws/install/communication/include/communication/communication/srv/detail/gait_switch__functions.h\n'}
[3.724161] (communication) StdoutLine: {'line': b'-- Symlinking: /root/ros2_ws/install/communication/include/communication/communication/srv/detail/gait_switch__struct.h\n'}
[3.731195] (communication) StdoutLine: {'line': b'-- Symlinking: /root/ros2_ws/install/communication/include/communication/communication/srv/detail/gait_switch__type_support.h\n'}
[3.739615] (communication) StdoutLine: {'line': b'-- Symlinking: /root/ros2_ws/install/communication/include/communication/communication/srv/detail/simulation_reset__functions.h\n'}
[3.748658] (communication) StdoutLine: {'line': b'-- Symlinking: /root/ros2_ws/install/communication/include/communication/communication/srv/detail/simulation_reset__struct.h\n'}
[3.756289] (communication) StdoutLine: {'line': b'-- Symlinking: /root/ros2_ws/install/communication/include/communication/communication/srv/detail/simulation_reset__type_support.h\n'}
[3.762836] (communication) StdoutLine: {'line': b'-- Symlinking: /root/ros2_ws/install/communication/include/communication/communication/srv/gait_switch.h\n'}
[3.769475] (communication) StdoutLine: {'line': b'-- Symlinking: /root/ros2_ws/install/communication/include/communication/communication/srv/simulation_reset.h\n'}
[3.775876] (communication) StdoutLine: {'line': b'-- Symlinking: /root/ros2_ws/install/communication/share/communication/environment/library_path.sh\n'}
[3.785956] (communication) StdoutLine: {'line': b'-- Symlinking: /root/ros2_ws/install/communication/share/communication/environment/library_path.dsv\n'}
[3.798653] (communication) StdoutLine: {'line': b'-- Symlinking: /root/ros2_ws/install/communication/include/communication/communication/msg/detail/actuator_cmds__rosidl_typesupport_fastrtps_c.h\n'}
[3.807023] (communication) StdoutLine: {'line': b'-- Symlinking: /root/ros2_ws/install/communication/include/communication/communication/msg/detail/motion_commands__rosidl_typesupport_fastrtps_c.h\n'}
[3.807210] (-) TimerEvent: {}
[3.815036] (communication) StdoutLine: {'line': b'-- Symlinking: /root/ros2_ws/install/communication/include/communication/communication/msg/detail/touch_sensor__rosidl_typesupport_fastrtps_c.h\n'}
[3.821123] (communication) StdoutLine: {'line': b'-- Symlinking: /root/ros2_ws/install/communication/include/communication/communication/msg/rosidl_typesupport_fastrtps_c__visibility_control.h\n'}
[3.828364] (communication) StdoutLine: {'line': b'-- Symlinking: /root/ros2_ws/install/communication/include/communication/communication/srv/detail/gait_switch__rosidl_typesupport_fastrtps_c.h\n'}
[3.834654] (communication) StdoutLine: {'line': b'-- Symlinking: /root/ros2_ws/install/communication/include/communication/communication/srv/detail/simulation_reset__rosidl_typesupport_fastrtps_c.h\n'}
[3.841184] (communication) StdoutLine: {'line': b'-- Symlinking: /root/ros2_ws/install/communication/include/communication/communication/msg/actuator_cmds.hpp\n'}
[3.850633] (communication) StdoutLine: {'line': b'-- Symlinking: /root/ros2_ws/install/communication/include/communication/communication/msg/detail/actuator_cmds__builder.hpp\n'}
[3.856879] (communication) StdoutLine: {'line': b'-- Symlinking: /root/ros2_ws/install/communication/include/communication/communication/msg/detail/actuator_cmds__struct.hpp\n'}
[3.863517] (communication) StdoutLine: {'line': b'-- Symlinking: /root/ros2_ws/install/communication/include/communication/communication/msg/detail/actuator_cmds__traits.hpp\n'}
[3.869311] (communication) StdoutLine: {'line': b'-- Symlinking: /root/ros2_ws/install/communication/include/communication/communication/msg/detail/actuator_cmds__type_support.hpp\n'}
[3.874542] (communication) StdoutLine: {'line': b'-- Symlinking: /root/ros2_ws/install/communication/include/communication/communication/msg/detail/motion_commands__builder.hpp\n'}
[3.882477] (communication) StdoutLine: {'line': b'-- Symlinking: /root/ros2_ws/install/communication/include/communication/communication/msg/detail/motion_commands__struct.hpp\n'}
[3.889958] (communication) StdoutLine: {'line': b'-- Symlinking: /root/ros2_ws/install/communication/include/communication/communication/msg/detail/motion_commands__traits.hpp\n'}
[3.895600] (communication) StdoutLine: {'line': b'-- Symlinking: /root/ros2_ws/install/communication/include/communication/communication/msg/detail/motion_commands__type_support.hpp\n'}
[3.905145] (communication) StdoutLine: {'line': b'-- Symlinking: /root/ros2_ws/install/communication/include/communication/communication/msg/detail/touch_sensor__builder.hpp\n'}
[3.907303] (-) TimerEvent: {}
[3.920934] (communication) StdoutLine: {'line': b'-- Symlinking: /root/ros2_ws/install/communication/include/communication/communication/msg/detail/touch_sensor__struct.hpp\n'}
[3.928904] (communication) StdoutLine: {'line': b'-- Symlinking: /root/ros2_ws/install/communication/include/communication/communication/msg/detail/touch_sensor__traits.hpp\n'}
[3.934994] (communication) StdoutLine: {'line': b'-- Symlinking: /root/ros2_ws/install/communication/include/communication/communication/msg/detail/touch_sensor__type_support.hpp\n'}
[3.941117] (communication) StdoutLine: {'line': b'-- Symlinking: /root/ros2_ws/install/communication/include/communication/communication/msg/motion_commands.hpp\n'}
[3.948834] (communication) StdoutLine: {'line': b'-- Symlinking: /root/ros2_ws/install/communication/include/communication/communication/msg/rosidl_generator_cpp__visibility_control.hpp\n'}
[3.955798] (communication) StdoutLine: {'line': b'-- Symlinking: /root/ros2_ws/install/communication/include/communication/communication/msg/touch_sensor.hpp\n'}
[3.963641] (communication) StdoutLine: {'line': b'-- Symlinking: /root/ros2_ws/install/communication/include/communication/communication/srv/detail/gait_switch__builder.hpp\n'}
[3.971014] (communication) StdoutLine: {'line': b'-- Symlinking: /root/ros2_ws/install/communication/include/communication/communication/srv/detail/gait_switch__struct.hpp\n'}
[3.979834] (communication) StdoutLine: {'line': b'-- Symlinking: /root/ros2_ws/install/communication/include/communication/communication/srv/detail/gait_switch__traits.hpp\n'}
[3.994556] (communication) StdoutLine: {'line': b'-- Symlinking: /root/ros2_ws/install/communication/include/communication/communication/srv/detail/gait_switch__type_support.hpp\n'}
[4.006945] (communication) StdoutLine: {'line': b'-- Symlinking: /root/ros2_ws/install/communication/include/communication/communication/srv/detail/simulation_reset__builder.hpp\n'}
[4.007370] (-) TimerEvent: {}
[4.015997] (communication) StdoutLine: {'line': b'-- Symlinking: /root/ros2_ws/install/communication/include/communication/communication/srv/detail/simulation_reset__struct.hpp\n'}
[4.023620] (communication) StdoutLine: {'line': b'-- Symlinking: /root/ros2_ws/install/communication/include/communication/communication/srv/detail/simulation_reset__traits.hpp\n'}
[4.031267] (communication) StdoutLine: {'line': b'-- Symlinking: /root/ros2_ws/install/communication/include/communication/communication/srv/detail/simulation_reset__type_support.hpp\n'}
[4.037329] (communication) StdoutLine: {'line': b'-- Symlinking: /root/ros2_ws/install/communication/include/communication/communication/srv/gait_switch.hpp\n'}
[4.043972] (communication) StdoutLine: {'line': b'-- Symlinking: /root/ros2_ws/install/communication/include/communication/communication/srv/simulation_reset.hpp\n'}
[4.050249] (communication) StdoutLine: {'line': b'-- Symlinking: /root/ros2_ws/install/communication/include/communication/communication/msg/detail/actuator_cmds__rosidl_typesupport_fastrtps_cpp.hpp\n'}
[4.056084] (communication) StdoutLine: {'line': b'-- Symlinking: /root/ros2_ws/install/communication/include/communication/communication/msg/detail/motion_commands__rosidl_typesupport_fastrtps_cpp.hpp\n'}
[4.063251] (communication) StdoutLine: {'line': b'-- Symlinking: /root/ros2_ws/install/communication/include/communication/communication/msg/detail/touch_sensor__rosidl_typesupport_fastrtps_cpp.hpp\n'}
[4.069360] (communication) StdoutLine: {'line': b'-- Symlinking: /root/ros2_ws/install/communication/include/communication/communication/msg/rosidl_typesupport_fastrtps_cpp__visibility_control.h\n'}
[4.075254] (communication) StdoutLine: {'line': b'-- Symlinking: /root/ros2_ws/install/communication/include/communication/communication/srv/detail/gait_switch__rosidl_typesupport_fastrtps_cpp.hpp\n'}
[4.081577] (communication) StdoutLine: {'line': b'-- Symlinking: /root/ros2_ws/install/communication/include/communication/communication/srv/detail/simulation_reset__rosidl_typesupport_fastrtps_cpp.hpp\n'}
[4.088543] (communication) StdoutLine: {'line': b'-- Symlinking: /root/ros2_ws/install/communication/include/communication/communication/msg/detail/actuator_cmds__rosidl_typesupport_introspection_c.h\n'}
[4.104007] (communication) StdoutLine: {'line': b'-- Symlinking: /root/ros2_ws/install/communication/include/communication/communication/msg/detail/motion_commands__rosidl_typesupport_introspection_c.h\n'}
[4.107504] (-) TimerEvent: {}
[4.117613] (communication) StdoutLine: {'line': b'-- Symlinking: /root/ros2_ws/install/communication/include/communication/communication/msg/detail/touch_sensor__rosidl_typesupport_introspection_c.h\n'}
[4.131999] (communication) StdoutLine: {'line': b'-- Symlinking: /root/ros2_ws/install/communication/include/communication/communication/msg/rosidl_typesupport_introspection_c__visibility_control.h\n'}
[4.141846] (communication) StdoutLine: {'line': b'-- Symlinking: /root/ros2_ws/install/communication/include/communication/communication/srv/detail/gait_switch__rosidl_typesupport_introspection_c.h\n'}
[4.151212] (communication) StdoutLine: {'line': b'-- Symlinking: /root/ros2_ws/install/communication/include/communication/communication/srv/detail/simulation_reset__rosidl_typesupport_introspection_c.h\n'}
[4.165276] (communication) StdoutLine: {'line': b'-- Symlinking: /root/ros2_ws/install/communication/include/communication/communication/msg/detail/actuator_cmds__rosidl_typesupport_introspection_cpp.hpp\n'}
[4.172449] (communication) StdoutLine: {'line': b'-- Symlinking: /root/ros2_ws/install/communication/include/communication/communication/msg/detail/motion_commands__rosidl_typesupport_introspection_cpp.hpp\n'}
[4.179178] (communication) StdoutLine: {'line': b'-- Symlinking: /root/ros2_ws/install/communication/include/communication/communication/msg/detail/touch_sensor__rosidl_typesupport_introspection_cpp.hpp\n'}
[4.188087] (communication) StdoutLine: {'line': b'-- Symlinking: /root/ros2_ws/install/communication/include/communication/communication/srv/detail/gait_switch__rosidl_typesupport_introspection_cpp.hpp\n'}
[4.199181] (communication) StdoutLine: {'line': b'-- Symlinking: /root/ros2_ws/install/communication/include/communication/communication/srv/detail/simulation_reset__rosidl_typesupport_introspection_cpp.hpp\n'}
[4.207620] (-) TimerEvent: {}
[4.209135] (communication) StdoutLine: {'line': b'-- Symlinking: /root/ros2_ws/install/communication/share/communication/environment/pythonpath.sh\n'}
[4.218687] (communication) StdoutLine: {'line': b'-- Symlinking: /root/ros2_ws/install/communication/share/communication/environment/pythonpath.dsv\n'}
[4.227795] (communication) StdoutLine: {'line': b'-- Symlinking: /root/ros2_ws/install/communication/local/lib/python3.10/dist-packages/communication-0.0.0-py3.10.egg-info/PKG-INFO\n'}
[4.235062] (communication) StdoutLine: {'line': b'-- Symlinking: /root/ros2_ws/install/communication/local/lib/python3.10/dist-packages/communication-0.0.0-py3.10.egg-info/SOURCES.txt\n'}
[4.242373] (communication) StdoutLine: {'line': b'-- Symlinking: /root/ros2_ws/install/communication/local/lib/python3.10/dist-packages/communication-0.0.0-py3.10.egg-info/dependency_links.txt\n'}
[4.250180] (communication) StdoutLine: {'line': b'-- Symlinking: /root/ros2_ws/install/communication/local/lib/python3.10/dist-packages/communication-0.0.0-py3.10.egg-info/top_level.txt\n'}
[4.263490] (communication) StdoutLine: {'line': b'-- Symlinking: /root/ros2_ws/install/communication/local/lib/python3.10/dist-packages/communication/__init__.py\n'}
[4.272412] (communication) StdoutLine: {'line': b'-- Symlinking: /root/ros2_ws/install/communication/local/lib/python3.10/dist-packages/communication/_communication_s.ep.rosidl_typesupport_c.c\n'}
[4.279262] (communication) StdoutLine: {'line': b'-- Symlinking: /root/ros2_ws/install/communication/local/lib/python3.10/dist-packages/communication/_communication_s.ep.rosidl_typesupport_fastrtps_c.c\n'}
[4.286224] (communication) StdoutLine: {'line': b'-- Symlinking: /root/ros2_ws/install/communication/local/lib/python3.10/dist-packages/communication/_communication_s.ep.rosidl_typesupport_introspection_c.c\n'}
[4.293076] (communication) StdoutLine: {'line': b'-- Symlinking: /root/ros2_ws/install/communication/local/lib/python3.10/dist-packages/communication/communication_s__rosidl_typesupport_c.cpython-310-x86_64-linux-gnu.so\n'}
[4.300624] (communication) StdoutLine: {'line': b'-- Symlinking: /root/ros2_ws/install/communication/local/lib/python3.10/dist-packages/communication/communication_s__rosidl_typesupport_fastrtps_c.cpython-310-x86_64-linux-gnu.so\n'}
[4.307747] (-) TimerEvent: {}
[4.311099] (communication) StdoutLine: {'line': b'-- Symlinking: /root/ros2_ws/install/communication/local/lib/python3.10/dist-packages/communication/communication_s__rosidl_typesupport_introspection_c.cpython-310-x86_64-linux-gnu.so\n'}
[4.320131] (communication) StdoutLine: {'line': b'-- Symlinking: /root/ros2_ws/install/communication/local/lib/python3.10/dist-packages/communication/libcommunication__rosidl_generator_py.so\n'}
[4.328430] (communication) StdoutLine: {'line': b'-- Symlinking: /root/ros2_ws/install/communication/local/lib/python3.10/dist-packages/communication/msg/__init__.py\n'}
[4.337173] (communication) StdoutLine: {'line': b'-- Symlinking: /root/ros2_ws/install/communication/local/lib/python3.10/dist-packages/communication/msg/_actuator_cmds.py\n'}
[4.346009] (communication) StdoutLine: {'line': b'-- Symlinking: /root/ros2_ws/install/communication/local/lib/python3.10/dist-packages/communication/msg/_actuator_cmds_s.c\n'}
[4.353826] (communication) StdoutLine: {'line': b'-- Symlinking: /root/ros2_ws/install/communication/local/lib/python3.10/dist-packages/communication/msg/_motion_commands.py\n'}
[4.359934] (communication) StdoutLine: {'line': b'-- Symlinking: /root/ros2_ws/install/communication/local/lib/python3.10/dist-packages/communication/msg/_motion_commands_s.c\n'}
[4.368571] (communication) StdoutLine: {'line': b'-- Symlinking: /root/ros2_ws/install/communication/local/lib/python3.10/dist-packages/communication/msg/_touch_sensor.py\n'}
[4.375432] (communication) StdoutLine: {'line': b'-- Symlinking: /root/ros2_ws/install/communication/local/lib/python3.10/dist-packages/communication/msg/_touch_sensor_s.c\n'}
[4.382519] (communication) StdoutLine: {'line': b'-- Symlinking: /root/ros2_ws/install/communication/local/lib/python3.10/dist-packages/communication/srv/__init__.py\n'}
[4.391372] (communication) StdoutLine: {'line': b'-- Symlinking: /root/ros2_ws/install/communication/local/lib/python3.10/dist-packages/communication/srv/_gait_switch.py\n'}
[4.402076] (communication) StdoutLine: {'line': b'-- Symlinking: /root/ros2_ws/install/communication/local/lib/python3.10/dist-packages/communication/srv/_gait_switch_s.c\n'}
[4.407848] (-) TimerEvent: {}
[4.408237] (communication) StdoutLine: {'line': b'-- Symlinking: /root/ros2_ws/install/communication/local/lib/python3.10/dist-packages/communication/srv/_simulation_reset.py\n'}
[4.413685] (communication) StdoutLine: {'line': b'-- Symlinking: /root/ros2_ws/install/communication/local/lib/python3.10/dist-packages/communication/srv/_simulation_reset_s.c\n'}
[4.421373] (communication) StdoutLine: {'line': b'-- Up-to-date symlink: /root/ros2_ws/install/communication/local/lib/python3.10/dist-packages/communication/communication_s__rosidl_typesupport_fastrtps_c.cpython-310-x86_64-linux-gnu.so\n'}
[4.421548] (communication) StdoutLine: {'line': b'-- Up-to-date symlink: /root/ros2_ws/install/communication/local/lib/python3.10/dist-packages/communication/communication_s__rosidl_typesupport_introspection_c.cpython-310-x86_64-linux-gnu.so\n'}
[4.421679] (communication) StdoutLine: {'line': b'-- Up-to-date symlink: /root/ros2_ws/install/communication/local/lib/python3.10/dist-packages/communication/communication_s__rosidl_typesupport_c.cpython-310-x86_64-linux-gnu.so\n'}
[4.421893] (communication) StdoutLine: {'line': b'-- Symlinking: /root/ros2_ws/install/communication/share/communication/msg/ActuatorCmds.idl\n'}
[4.432882] (communication) StdoutLine: {'line': b'-- Symlinking: /root/ros2_ws/install/communication/share/communication/msg/MotionCommands.idl\n'}
[4.449530] (communication) StdoutLine: {'line': b'-- Symlinking: /root/ros2_ws/install/communication/share/communication/msg/TouchSensor.idl\n'}
[4.458459] (communication) StdoutLine: {'line': b'-- Symlinking: /root/ros2_ws/install/communication/share/communication/srv/SimulationReset.idl\n'}
[4.464469] (communication) StdoutLine: {'line': b'-- Symlinking: /root/ros2_ws/install/communication/share/communication/srv/GaitSwitch.idl\n'}
[4.473365] (communication) StdoutLine: {'line': b'-- Symlinking: /root/ros2_ws/install/communication/share/communication/msg/ActuatorCmds.msg\n'}
[4.479257] (communication) StdoutLine: {'line': b'-- Symlinking: /root/ros2_ws/install/communication/share/communication/msg/MotionCommands.msg\n'}
[4.486835] (communication) StdoutLine: {'line': b'-- Symlinking: /root/ros2_ws/install/communication/share/communication/msg/TouchSensor.msg\n'}
[4.492891] (communication) StdoutLine: {'line': b'-- Symlinking: /root/ros2_ws/install/communication/share/communication/srv/SimulationReset.srv\n'}
[4.498670] (communication) StdoutLine: {'line': b'-- Symlinking: /root/ros2_ws/install/communication/share/communication/srv/SimulationReset_Request.msg\n'}
[4.505153] (communication) StdoutLine: {'line': b'-- Symlinking: /root/ros2_ws/install/communication/share/communication/srv/SimulationReset_Response.msg\n'}
[4.507935] (-) TimerEvent: {}
[4.510415] (communication) StdoutLine: {'line': b'-- Symlinking: /root/ros2_ws/install/communication/share/communication/srv/GaitSwitch.srv\n'}
[4.515959] (communication) StdoutLine: {'line': b'-- Symlinking: /root/ros2_ws/install/communication/share/communication/srv/GaitSwitch_Request.msg\n'}
[4.523123] (communication) StdoutLine: {'line': b'-- Symlinking: /root/ros2_ws/install/communication/share/communication/srv/GaitSwitch_Response.msg\n'}
[4.529483] (communication) StdoutLine: {'line': b'-- Symlinking: /root/ros2_ws/install/communication/share/ament_index/resource_index/package_run_dependencies/communication\n'}
[4.535290] (communication) StdoutLine: {'line': b'-- Symlinking: /root/ros2_ws/install/communication/share/ament_index/resource_index/parent_prefix_path/communication\n'}
[4.541400] (communication) StdoutLine: {'line': b'-- Symlinking: /root/ros2_ws/install/communication/share/communication/environment/ament_prefix_path.sh\n'}
[4.547811] (communication) StdoutLine: {'line': b'-- Symlinking: /root/ros2_ws/install/communication/share/communication/environment/ament_prefix_path.dsv\n'}
[4.554568] (communication) StdoutLine: {'line': b'-- Symlinking: /root/ros2_ws/install/communication/share/communication/environment/path.sh\n'}
[4.560675] (communication) StdoutLine: {'line': b'-- Symlinking: /root/ros2_ws/install/communication/share/communication/environment/path.dsv\n'}
[4.565908] (communication) StdoutLine: {'line': b'-- Symlinking: /root/ros2_ws/install/communication/share/communication/local_setup.bash\n'}
[4.573188] (communication) StdoutLine: {'line': b'-- Symlinking: /root/ros2_ws/install/communication/share/communication/local_setup.sh\n'}
[4.579196] (communication) StdoutLine: {'line': b'-- Symlinking: /root/ros2_ws/install/communication/share/communication/local_setup.zsh\n'}
[4.584778] (communication) StdoutLine: {'line': b'-- Symlinking: /root/ros2_ws/install/communication/share/communication/local_setup.dsv\n'}
[4.590983] (communication) StdoutLine: {'line': b'-- Symlinking: /root/ros2_ws/install/communication/share/communication/package.dsv\n'}
[4.604029] (communication) StdoutLine: {'line': b'-- Symlinking: /root/ros2_ws/install/communication/share/ament_index/resource_index/packages/communication\n'}
[4.608076] (-) TimerEvent: {}
[4.615806] (communication) StdoutLine: {'line': b'-- Symlinking: /root/ros2_ws/install/communication/share/communication/cmake/rosidl_cmake-extras.cmake\n'}
[4.623705] (communication) StdoutLine: {'line': b'-- Symlinking: /root/ros2_ws/install/communication/share/communication/cmake/ament_cmake_export_dependencies-extras.cmake\n'}
[4.629183] (communication) StdoutLine: {'line': b'-- Symlinking: /root/ros2_ws/install/communication/share/communication/cmake/ament_cmake_export_include_directories-extras.cmake\n'}
[4.634502] (communication) StdoutLine: {'line': b'-- Symlinking: /root/ros2_ws/install/communication/share/communication/cmake/ament_cmake_export_libraries-extras.cmake\n'}
[4.641845] (communication) StdoutLine: {'line': b'-- Symlinking: /root/ros2_ws/install/communication/share/communication/cmake/ament_cmake_export_targets-extras.cmake\n'}
[4.648808] (communication) StdoutLine: {'line': b'-- Symlinking: /root/ros2_ws/install/communication/share/communication/cmake/rosidl_cmake_export_typesupport_targets-extras.cmake\n'}
[4.656944] (communication) StdoutLine: {'line': b'-- Symlinking: /root/ros2_ws/install/communication/share/communication/cmake/rosidl_cmake_export_typesupport_libraries-extras.cmake\n'}
[4.664683] (communication) StdoutLine: {'line': b'-- Symlinking: /root/ros2_ws/install/communication/share/communication/cmake/communicationConfig.cmake\n'}
[4.670870] (communication) StdoutLine: {'line': b'-- Symlinking: /root/ros2_ws/install/communication/share/communication/cmake/communicationConfig-version.cmake\n'}
[4.675862] (communication) StdoutLine: {'line': b'-- Symlinking: /root/ros2_ws/install/communication/share/communication/package.xml\n'}
[4.683936] (communication) StdoutLine: {'line': b'-- Installing: /root/ros2_ws/install/communication/lib/libcommunication__rosidl_generator_c.so\n'}
[4.684114] (communication) StdoutLine: {'line': b'-- Set runtime path of "/root/ros2_ws/install/communication/lib/libcommunication__rosidl_generator_c.so" to ""\n'}
[4.684188] (communication) StdoutLine: {'line': b'-- Installing: /root/ros2_ws/install/communication/lib/libcommunication__rosidl_typesupport_fastrtps_c.so\n'}
[4.684454] (communication) StdoutLine: {'line': b'-- Set runtime path of "/root/ros2_ws/install/communication/lib/libcommunication__rosidl_typesupport_fastrtps_c.so" to ""\n'}
[4.684532] (communication) StdoutLine: {'line': b'-- Installing: /root/ros2_ws/install/communication/lib/libcommunication__rosidl_typesupport_fastrtps_cpp.so\n'}
[4.684882] (communication) StdoutLine: {'line': b'-- Set runtime path of "/root/ros2_ws/install/communication/lib/libcommunication__rosidl_typesupport_fastrtps_cpp.so" to ""\n'}
[4.685012] (communication) StdoutLine: {'line': b'-- Installing: /root/ros2_ws/install/communication/lib/libcommunication__rosidl_typesupport_introspection_c.so\n'}
[4.685187] (communication) StdoutLine: {'line': b'-- Set runtime path of "/root/ros2_ws/install/communication/lib/libcommunication__rosidl_typesupport_introspection_c.so" to ""\n'}
[4.685290] (communication) StdoutLine: {'line': b'-- Installing: /root/ros2_ws/install/communication/lib/libcommunication__rosidl_typesupport_c.so\n'}
[4.685511] (communication) StdoutLine: {'line': b'-- Set runtime path of "/root/ros2_ws/install/communication/lib/libcommunication__rosidl_typesupport_c.so" to ""\n'}
[4.685608] (communication) StdoutLine: {'line': b'-- Installing: /root/ros2_ws/install/communication/lib/libcommunication__rosidl_typesupport_introspection_cpp.so\n'}
[4.685856] (communication) StdoutLine: {'line': b'-- Set runtime path of "/root/ros2_ws/install/communication/lib/libcommunication__rosidl_typesupport_introspection_cpp.so" to ""\n'}
[4.685920] (communication) StdoutLine: {'line': b'-- Installing: /root/ros2_ws/install/communication/lib/libcommunication__rosidl_typesupport_cpp.so\n'}
[4.686147] (communication) StdoutLine: {'line': b'-- Set runtime path of "/root/ros2_ws/install/communication/lib/libcommunication__rosidl_typesupport_cpp.so" to ""\n'}
[4.708172] (-) TimerEvent: {}
[4.725975] (communication) StdoutLine: {'line': b"Listing '/root/ros2_ws/install/communication/local/lib/python3.10/dist-packages/communication'...\n"}
[4.726101] (communication) StdoutLine: {'line': b"Compiling '/root/ros2_ws/install/communication/local/lib/python3.10/dist-packages/communication/__init__.py'...\n"}
[4.726139] (communication) StdoutLine: {'line': b"Listing '/root/ros2_ws/install/communication/local/lib/python3.10/dist-packages/communication/msg'...\n"}
[4.726168] (communication) StdoutLine: {'line': b"Compiling '/root/ros2_ws/install/communication/local/lib/python3.10/dist-packages/communication/msg/__init__.py'...\n"}
[4.726194] (communication) StdoutLine: {'line': b"Compiling '/root/ros2_ws/install/communication/local/lib/python3.10/dist-packages/communication/msg/_actuator_cmds.py'...\n"}
[4.726219] (communication) StdoutLine: {'line': b"Compiling '/root/ros2_ws/install/communication/local/lib/python3.10/dist-packages/communication/msg/_motion_commands.py'...\n"}
[4.726249] (communication) StdoutLine: {'line': b"Compiling '/root/ros2_ws/install/communication/local/lib/python3.10/dist-packages/communication/msg/_touch_sensor.py'...\n"}
[4.726281] (communication) StdoutLine: {'line': b"Listing '/root/ros2_ws/install/communication/local/lib/python3.10/dist-packages/communication/srv'...\n"}
[4.726303] (communication) StdoutLine: {'line': b"Compiling '/root/ros2_ws/install/communication/local/lib/python3.10/dist-packages/communication/srv/__init__.py'...\n"}
[4.726324] (communication) StdoutLine: {'line': b"Compiling '/root/ros2_ws/install/communication/local/lib/python3.10/dist-packages/communication/srv/_gait_switch.py'...\n"}
[4.726345] (communication) StdoutLine: {'line': b"Compiling '/root/ros2_ws/install/communication/local/lib/python3.10/dist-packages/communication/srv/_simulation_reset.py'...\n"}
[4.728875] (communication) StdoutLine: {'line': b'-- Installing: /root/ros2_ws/install/communication/lib/libcommunication__rosidl_generator_py.so\n'}
[4.729144] (communication) StdoutLine: {'line': b'-- Set runtime path of "/root/ros2_ws/install/communication/lib/libcommunication__rosidl_generator_py.so" to ""\n'}
[4.729243] (communication) StdoutLine: {'line': b'-- Installing: /root/ros2_ws/install/communication/share/communication/cmake/export_communication__rosidl_generator_cExport.cmake\n'}
[4.729396] (communication) StdoutLine: {'line': b'-- Installing: /root/ros2_ws/install/communication/share/communication/cmake/export_communication__rosidl_generator_cExport-noconfig.cmake\n'}
[4.729527] (communication) StdoutLine: {'line': b'-- Installing: /root/ros2_ws/install/communication/share/communication/cmake/export_communication__rosidl_typesupport_fastrtps_cExport.cmake\n'}
[4.729616] (communication) StdoutLine: {'line': b'-- Installing: /root/ros2_ws/install/communication/share/communication/cmake/export_communication__rosidl_typesupport_fastrtps_cExport-noconfig.cmake\n'}
[4.729696] (communication) StdoutLine: {'line': b'-- Installing: /root/ros2_ws/install/communication/share/communication/cmake/export_communication__rosidl_generator_cppExport.cmake\n'}
[4.729772] (communication) StdoutLine: {'line': b'-- Installing: /root/ros2_ws/install/communication/share/communication/cmake/export_communication__rosidl_typesupport_fastrtps_cppExport.cmake\n'}
[4.729849] (communication) StdoutLine: {'line': b'-- Installing: /root/ros2_ws/install/communication/share/communication/cmake/export_communication__rosidl_typesupport_fastrtps_cppExport-noconfig.cmake\n'}
[4.729931] (communication) StdoutLine: {'line': b'-- Installing: /root/ros2_ws/install/communication/share/communication/cmake/communication__rosidl_typesupport_introspection_cExport.cmake\n'}
[4.730030] (communication) StdoutLine: {'line': b'-- Installing: /root/ros2_ws/install/communication/share/communication/cmake/communication__rosidl_typesupport_introspection_cExport-noconfig.cmake\n'}
[4.730101] (communication) StdoutLine: {'line': b'-- Installing: /root/ros2_ws/install/communication/share/communication/cmake/communication__rosidl_typesupport_cExport.cmake\n'}
[4.730169] (communication) StdoutLine: {'line': b'-- Installing: /root/ros2_ws/install/communication/share/communication/cmake/communication__rosidl_typesupport_cExport-noconfig.cmake\n'}
[4.730245] (communication) StdoutLine: {'line': b'-- Installing: /root/ros2_ws/install/communication/share/communication/cmake/communication__rosidl_typesupport_introspection_cppExport.cmake\n'}
[4.730332] (communication) StdoutLine: {'line': b'-- Installing: /root/ros2_ws/install/communication/share/communication/cmake/communication__rosidl_typesupport_introspection_cppExport-noconfig.cmake\n'}
[4.730409] (communication) StdoutLine: {'line': b'-- Installing: /root/ros2_ws/install/communication/share/communication/cmake/communication__rosidl_typesupport_cppExport.cmake\n'}
[4.730516] (communication) StdoutLine: {'line': b'-- Installing: /root/ros2_ws/install/communication/share/communication/cmake/communication__rosidl_typesupport_cppExport-noconfig.cmake\n'}
[4.730641] (communication) StdoutLine: {'line': b'-- Installing: /root/ros2_ws/install/communication/share/communication/cmake/export_communication__rosidl_generator_pyExport.cmake\n'}
[4.730735] (communication) StdoutLine: {'line': b'-- Installing: /root/ros2_ws/install/communication/share/communication/cmake/export_communication__rosidl_generator_pyExport-noconfig.cmake\n'}
[4.732464] (communication) CommandEnded: {'returncode': 0}
[4.742379] (communication) JobEnded: {'identifier': 'communication', 'rc': 0}
[4.742972] (-) EventReactorShutdown: {}
